Species,Name,Isolate,DNA_A,DNA_B,Availability,Abbreviation
Begomovirus abelmoschusbhubhaneswarense,bhendi yellow vein Bhubhaneswar virus,India/Orissa/2003,DNA-A: FJ589571,,Complete genome,BYVBhV
Begomovirus abelmoschusdehliense,bhendi yellow vein mosaic Delhi virus,IN-OY131-04,DNA-A: FJ515747,,Complete genome,BYVMDV
Begomovirus abelmoschusflavi,bhendi yellow vein mosaic virus,India/Madurai/India,DNA-A: AF241479,,Complete genome,BYVMV/IN
Begomovirus abelmoschusflavi,bhendi yellow vein mosaic virus,,DNA-A: EU589392,,Complete genome,BYVMV
Begomovirus abelmoschusflavi,bhendi yellow vein mosaic virus,,DNA-A: AJ002451,,Complete genome,BYVMV
Begomovirus abelmoschusflavi,bhendi yellow vein mosaic virus,,DNA-A: FJ179372,,Complete genome,BYVMV
Begomovirus abelmoschusflavi,bhendi yellow vein mosaic virus,,DNA-A: FJ176235,,Complete genome,BYVMV
Begomovirus abelmoschusharyanaense,bhendi yellow vein Haryana virus,IN-OY76-03,DNA-A: FJ561298,,Complete genome,BYVHV
Begomovirus abelsmoschusenation,okra enation leaf curl virus,India/Sonipat EL10/2006,DNA-A: GU111998,,Complete genome,OELCuV
Begomovirus abelsmoschusmaculae,okra mottle virus,Brazil/6319/2008,DNA-A: EU914817,DNA-B: EU914818,Complete genome,OMoV
Begomovirus abelsmoschusmexicoense,okra yellow mosaic Mexico virus,Mexico/Mazatepec 3/2004,DNA-A: DQ022611,DNA-B: GU972604,Complete genome,OYMV
Begomovirus abelsmoschusomanense,okra leaf curl Oman virus,Oman-OK2-2012,DNA-A: HE862273,,Complete genome,OLCOV
Begomovirus abelsmoschusretorridi,okra yellow crinkle virus,Mali/Bamako 2/2005/Mali,DNA-A: DQ875879,,Complete genome,OYCrV/ML
Begomovirus abelsmoschusretorridi,okra yellow crinkle virus,,DNA-A: FM210275,,Complete genome,OYCrV/CM
Begomovirus abelsmoschusretorridi,okra yellow crinkle virus,,DNA-A: HE793424,,Complete genome,OYCrV
Begomovirus abutilonbrazilense,Abutilon mosaic Brazil virus,Brazil/BGV01A.1.C21,DNA-A: JF694480,DNA-B: JF694479,Complete genome,AbMBV
Begomovirus abutilonis,Abutilon golden mosaic virus,Mexico/Yucatan/2007,DNA-A: KC430935,,Complete genome,AbGMV
Begomovirus agerahualianense,Ageratum yellow vein Hualian virus,Taiwan/Hualian 4/2000,DNA-A: DQ866132,,Complete genome,AYVV/Hua
Begomovirus agerahualianense,Ageratum yellow vein Hualian virus,,DNA-A: DQ866124,,Complete genome,AYVV/Hsi
Begomovirus agerainvolutionis,Ageratum leaf curl virus,China/Guangxi 52/2003,DNA-A: AJ851005,,Complete genome,ALCuV
Begomovirus agerasichuanense,Ageratum leaf curl Sichuan virus,CN-Sc-SC770-16,DNA-A: MG917697,,Complete genome,ALCScV
Begomovirus agerasrilankaense,Ageratum yellow vein Sri Lanka virus,Sri Lanka/1999,DNA-A: AF314144,,Complete genome,AYVSLV
Begomovirus agerati,Ageratum enation virus,Nepal/1999/Nepal,DNA-A: AJ437618,,Complete genome,AEV/NP
Begomovirus agerati,Ageratum enation virus,,DNA-A: FN543099,,Complete genome,AEV/IN
Begomovirus agerati,Ageratum enation virus,,DNA-A: HM149260,,Complete genome,AEV/UP
Begomovirus ageravenae,Ageratum yellow vein virus,China/Guangxi 129/2005/Guanxi,DNA-A: AJ495813,,Complete genome,AYVV/Gx
Begomovirus ageravenae,Ageratum yellow vein virus,,DNA-A: AB050781,,Complete genome,AYVV
Begomovirus ageravenae,Ageratum yellow vein virus,,DNA-A: KC172826,,Complete genome,AYVV/CN
Begomovirus ageravenae,Ageratum yellow vein virus,,DNA-A: AB100305,,Complete genome,AYVV/ID
Begomovirus ageravenae,Ageratum yellow vein virus,,DNA-A: JN809816,,Complete genome,AYVV/Ka
Begomovirus ageravenae,Ageratum yellow vein virus,,DNA-A: JQ804985,,Complete genome,AYVV/NN
Begomovirus ageravenae,Ageratum yellow vein virus,,DNA-A: EU487045,,Complete genome,AYVV/PH
Begomovirus ageravenae,Ageratum yellow vein virus,,DNA-A: AB306314,,Complete genome,AYVV/SG
Begomovirus ageravenae,Ageratum yellow vein virus,,DNA-A: AF307861,,Complete genome,AYVV/TW
Begomovirus ageravenae,Ageratum yellow vein virus,,DNA-A: JN809820,,Complete genome,AYVV/TH
Begomovirus alceae,hollyhock leaf curl virus,Pakistan/Faisalabad/20/4/06,DNA-A: FR772082,,Complete genome,HoLCV
Begomovirus alceamuvisi,hollyhock yellow vein mosaic virus,IN-Luc-11,DNA-A: JQ911766,,Complete genome,HoYVMV
Begomovirus alceavenae,hollyhock yellow vein virus,IN-ND-VIRO 881-16,DNA-A: MG373552,,Complete genome,HoYVV
Begomovirus allamandae,Allamanda leaf curl virus,China/Guandong 10/2006,DNA-A: EF602306,,Complete genome,AllLCV/A
Begomovirus alternantherae,Alternanthera yellow vein virus,China/Guangxi/G38/2005,DNA-A: AJ965540,,Complete genome,AlYVV
Begomovirus alternantherae,Alternanthera yellow vein virus,,DNA-A: EF544604,,Complete genome,AlYVV/A
Begomovirus alternantherae,Alternanthera yellow vein virus,,DNA-A: EF544602,,Complete genome,AlYVV/B
Begomovirus andrographis,Andrographis yellow vein leaf curl virus,India-A64-2012,DNA-A: KM359406,,Complete genome,AnYVLCV
Begomovirus asystasiae,Asystasia mosaic Madagascar virus,Madagascar-MG493-2011,DNA-A: KP663485,DNA-B: KP663484,Complete genome,AsMMV
Begomovirus asystasiaprimi,West African Asystasia virus 1,West Africa/Asystasia1/2011,DNA-A: JF694484,DNA-B: JF694485,Complete genome,WAAV1
Begomovirus asystasiasecundi,West African Asystasia virus 2,West Africa/Asystasia2/2011,DNA-A: JF694486,,Complete genome,WAAV2
Begomovirus asystasiatertii,West African Asystasia virus 3,BJ-58-14,DNA-A: KT444609,DNA-B: KT444610,Complete genome,WAAV3
Begomovirus bauri,Abutilon mosaic virus,Germany,DNA-A: X15983,DNA-B: X15984,Complete genome,AbMV
Begomovirus bemisiaprimi,whitefly-asssociated begomovirus 1,Guatemala-GtSq11-2012,DNA-A: KT099124,,Complete genome,WfaBV1
Begomovirus bemisiaquarti,whitefly-asssociated begomovirus 4,Guatemala-GtSq8-2012,DNA-A: KT099128,,Complete genome,WfaBV4
Begomovirus bemisiasecundi,whitefly-asssociated begomovirus 2,Guatemala-GtSq5-2012,DNA-A: KT099125,,Complete genome,WfaBV2
Begomovirus bemisiaseptimi,whitefly-asssociated begomovirus 7,Spain-Sp5_4-2011,DNA-A: KT099156,,Complete genome,WfaBV7
Begomovirus bemisiasexti,whitefly-asssociated begomovirus 6,Puerto Rico-PR10-2010,DNA-A: KT099139,,Complete genome,WfaBV6
Begomovirus bemisiatertii,whitefly-asssociated begomovirus 3,Guatemala-GtSq10-2012,DNA-A: KT099127,,Complete genome,WfaBV3
Begomovirus birdi,bean golden yellow mosaic virus,Dominican Republic/1987,DNA-A: L01635,DNA-B: L01636,Complete genome,BGYMV
Begomovirus blainvilleae,Blainvillea yellow spot virus,Brazil/Coi25/2007,DNA-A: EU710756,DNA-B: EU710757,Complete genome,BlYSV
Begomovirus blechi,Blechum interveinal chlorosis virus,Mexico/Campeche/2011,DNA-A: JX827487,DNA-B: JX827488,Complete genome,BleICV
Begomovirus blechumflavi,Blechum yellow vein virus,TW-W1-12,DNA-A: KF446659,,Complete genome,BleYVV
Begomovirus boerhaviae,Boerhavia yellow spot virus,Mexico/Yucatan/2005,DNA-A: EF121755,,Complete genome,BoYSV
Begomovirus brassicae,cabbage leaf curl virus,United States/Florida/1996,DNA-A: U65529,DNA-B: U65530,Complete genome,CabLCV
Begomovirus brassicajamaicaense,cabbage leaf curl Jamaica virus,Jamaica/CUc3/2005,DNA-A: DQ178608,DNA-B: DQ178609,Complete genome,CabLCJV
Begomovirus caprariae,Capraria yellow spot virus,Mexico/Yucatan/Conkal/2007,DNA-A: KC426927,DNA-B: KC426928,Complete genome,CarYSV
Begomovirus capsiahmedbadense,chilli leaf curl Ahmedabad virus,IN-Ahm-14,DNA-A: KM880103,,Complete genome,ChiLCAV
Begomovirus capsibhavanisagarense,chilli leaf curl Bhavanisagar virus,IN-Bha-10,DNA-A: HM992939,,Complete genome,ChiLCBV
Begomovirus capsici,pepper leaf curl virus,Thailand/Thailand,DNA-A: AF134484,,Complete genome,PepLCV/TH
Begomovirus capsici,pepper leaf curl virus,,DNA-A: AF414287,,Complete genome,PepLCV/MY
Begomovirus capsicumacehense,pepper yellow leaf curl Aceh virus,ID-BAPep-V2-17,DNA-A: LC387327,DNA-B: LC387329,Complete genome,PepYLCAV
Begomovirus capsicumannui,pepper blistering leaf virus,AR-Salta-Oran-Pepper663-2014,DNA-A: MN518737,DNA-B: MN518739,Complete genome,PepBLV
Begomovirus capsicumbangladeschense,pepper leaf curl Bangladesh virus,Bangladesh/Bogra/1999/Bangladesh,DNA-A: AF314531,,Complete genome,PepLCBV/BD
Begomovirus capsicumbangladeschense,pepper leaf curl Bangladesh virus,,DNA-A: AM404179,,Complete genome,PepLCBV
Begomovirus capsicumbangladeschense,pepper leaf curl Bangladesh virus,,DNA-A: HM007096,,Complete genome,PepLCBV/IN
Begomovirus capsicumbangladeschense,pepper leaf curl Bangladesh virus,,DNA-A: DQ116881,,Complete genome,PepLCBV/PK
Begomovirus capsicumchinaense,pepper yellow leaf curl virus,China/YN65/1/2010,DNA-A: KC149938,,Complete genome,PepYLCV
Begomovirus capsicumcontorsioris,pepper leafroll virus,PE-P107-pep-09,DNA-A: KC769819,DNA-B: KC769820,Complete genome,PepLRV
Begomovirus capsicumhuastecoense,pepper huasteco yellow vein virus,Mexico/Tamaulipas,DNA-A: X70418,DNA-B: X70419,Complete genome,PHYVV
Begomovirus capsicumindonesiaense,pepper yellow leaf curl Indonesia virus,Indonesia/2005,DNA-A: AB267834,DNA-B: AB267835,Complete genome,PepYLCIV
Begomovirus capsicumindonesiaenseduo,pepper yellow leaf curl Indonesia virus 2,ID-PSSWS14-09,DNA-A: KT809345,,Complete genome,PepYLCV2
Begomovirus capsicumlahorense,pepper leaf curl Lahore virus,India/Lucknow/2011,DNA-A: JN135234,,Complete genome,PepLCLaV
Begomovirus capsicummaliense,pepper yellow vein Mali virus,Mali,DNA-A: AY502935,,Complete genome,PepYVMLV
Begomovirus capsicummusivi,pepper golden mosaic virus,Mexico/Tamaulipas/Tamaulipas,DNA-A: U57457,DNA-B: AF499442,Complete genome,PepGMV/Tam
Begomovirus capsicummusivi,pepper golden mosaic virus,,DNA-A: AF149227,,Complete genome,PepGMV/CR
Begomovirus capsicummusivi,pepper golden mosaic virus,,DNA-A: JQ743486,,Complete genome,PepGMV
Begomovirus capsicumthailandense,pepper yellow leaf curl Thailand virus,Thailand-WF_SPN_Pep-2015,DNA-A: KX943290,DNA-B: KX943291,Complete genome,PepYLCTHV
Begomovirus capsicumyunnanense,pepper leaf curl Yunnan virus,China/Yunnan323/2007,DNA-A: EU585781,,Complete genome,PepLCYnV
Begomovirus capsigondaense,chilli leaf curl Gonda virus,IN-Gon-13,DNA-A: KJ957157,,Complete genome,ChiLCGV
Begomovirus capsikanpurense,chilli leaf curl Kanpur virus,India/Kampur/2008,DNA-A: HM007106,,Complete genome,ChiLCKaV
Begomovirus capsindiaense,chilli leaf curl India virus,India/2008,DNA-A: FM877858,,Complete genome,ChiLCINV
Begomovirus capsisrilankaense,chilli leaf curl Sri Lanka virus,LK-CL14-09,DNA-A: JN555601,,Complete genome,ChiLCSLV
Begomovirus capsivellanadense,chilli leaf curl Vellanad virus,India/Vellanad/2008,DNA-A: HM007121,,Complete genome,ChiLCVV
Begomovirus caricachinaense,papaya leaf curl China virus,China/Guangxi 8/Ageratum/2002/Tomato,DNA-A: AJ558124,,Complete genome,PaLCuCNV/To
Begomovirus caricachinaense,papaya leaf curl China virus,,DNA-A: AJ558125,,Complete genome,PaLCuCNV/Age
Begomovirus caricachinaense,papaya leaf curl China virus,,DNA-A: FN256261,,Complete genome,PaLCuCNV
Begomovirus caricachinaense,papaya leaf curl China virus,,DNA-A: FN297834,,Complete genome,PaLCuCNV/Gx
Begomovirus caricachinaense,papaya leaf curl China virus,,DNA-A: AJ558117,,Complete genome,PaLCuCNV/Pap
Begomovirus caricachinaense,papaya leaf curl China virus,,DNA-A: GQ373254,,Complete genome,PaLCuCNV/VN
Begomovirus caricae,papaya leaf curl virus,India/Lucknow/Lucknow,DNA-A: Y15934,,Complete genome,PaLCuV/Luc
Begomovirus caricae,papaya leaf curl virus,,DNA-A: JN817517,,Complete genome,PaLCuV/A
Begomovirus caricae,papaya leaf curl virus,,DNA-A: JN135233,,Complete genome,PaLCuV/Ama
Begomovirus caricae,papaya leaf curl virus,,DNA-A: JQ954859,,Complete genome,PaLCuV/Ast
Begomovirus caricae,papaya leaf curl virus,,DNA-A: KF307208,,Complete genome,PaLCuV/Cir
Begomovirus caricae,papaya leaf curl virus,,DNA-A: FJ593629,,Complete genome,PaLCuV/IN
Begomovirus caricae,papaya leaf curl virus,,DNA-A: FN678906,,Complete genome,PaLCuV/Lah
Begomovirus caricae,papaya leaf curl virus,,DNA-A: AJ436992,,Complete genome,PaLCuV/PK
Begomovirus caricae,papaya leaf curl virus,,DNA-A: FN543112,,Complete genome,PaLCuV/Pun
Begomovirus caricae,papaya leaf curl virus,,DNA-A: FM955601,,Complete genome,PaLCuV/Rh
Begomovirus caricae,papaya leaf curl virus,,DNA-A: JQ407224,,Complete genome,PaLCuV/Sik
Begomovirus caricae,papaya leaf curl virus,,DNA-A: JN807765,,Complete genome,PaLCuV/Soy
Begomovirus caricae,papaya leaf curl virus,,DNA-A: HM143914,,Complete genome,PaLCuV/Tob
Begomovirus caricae,papaya leaf curl virus,,DNA-A: DQ629102,,Complete genome,PaLCuV/Tom
Begomovirus caricaflavi,papaya yellow leaf curl virus,IN-PSB_51-16,DNA-A: MH807204,,Complete genome,PaYLCV
Begomovirus caricaguandongense,papaya leaf curl Guandong virus,China/Guangdong 2/2002,DNA-A: AJ558122,,Complete genome,PaLCuGdV
Begomovirus caricaprimi,papaya severe leaf curl virus 1,IN-PSB_8-14,DNA-A: MH988457,,Complete genome,PaSLCV1
Begomovirus caricasecundi,papaya severe leaf curl virus 2,IN-PSB_14-14,DNA-A: MH988458,,Complete genome,PaSLCV2
Begomovirus catharanthi,Catharanthus yellow mosaic virus,Pakistan/Islamabad/DR151,DNA-A: LK028570,,Complete genome,CaYMV
Begomovirus catharticae,Allamanda leaf mottle distortion virus,India-Al_K1-2012,DNA-A: KC202818,DNA-B: MG969497,Complete genome,AllLMoDV
Begomovirus centrosemae,Centrosema yellow spot virus,Brazil/Car1/2009,DNA-A: JN419002,,Complete genome,CeYSV
Begomovirus chayotis,chayote yellow mosaic virus,Nigeria/Ibadan,DNA-A: AJ223191,,Complete genome,ChaYMV
Begomovirus chenopodii,Chenopodium leaf curl virus,USA/Florida/Citra/2007,DNA-A: HM626515,,Complete genome,ChLCV
Begomovirus chillicapsici,chilli leaf curl virus,Pakistan/Multan/1998/Pakistan,DNA-A: AF336806,,Complete genome,ChiLCV/PK
Begomovirus chillicapsici,chilli leaf curl virus,,DNA-A: GU136803,,Complete genome,ChiLCV/IN
Begomovirus chillicapsici,chilli leaf curl virus,,DNA-A: AJ875159,,Complete genome,ChiLCV
Begomovirus chillicapsici,chilli leaf curl virus,,DNA-A: DQ673859,,Complete genome,ChiLCV/Chi
Begomovirus chillicapsici,chilli leaf curl virus,,DNA-A: FJ345402,,Complete genome,ChiLCV/JO
Begomovirus chillicapsici,chilli leaf curl virus,,DNA-A: DQ116878,,Complete genome,ChiLCV/Kha
Begomovirus chlorocucumis,melon chlorotic leaf curl virus,Costa Rica/Guanacaste/1998/Costa Rica,DNA-A: AY064391,DNA-B: AF440790,Complete genome,MCLCuV/CR
Begomovirus chlorocucumis,melon chlorotic leaf curl virus,,DNA-A: KC153490,,Partial genome,MCLCuV
Begomovirus chlorocucumis,melon chlorotic leaf curl virus,,DNA-A: AF325497,DNA-B: AF325498,Complete genome,MCLCuV/GT
Begomovirus citrulli,watermelon chlorotic stunt virus,Yemen,DNA-A: AJ012081,DNA-B: AJ012082,Complete genome,WmCSV
Begomovirus cleomaurei,Cleome golden mosaic virus,Brazil/BA 05/2007,DNA-A: HQ396465,,Complete genome,CleGMV
Begomovirus cleomecrispi,Cleome leaf crumple virus,Brazil/BgV05A.1.C75,DNA-A: JF694461,DNA-B: JF694462,Complete genome,CleLCrV
Begomovirus clerodendronflavi,Clerodendron yellow mosaic virus,India/Iari/2006,DNA-A: EF408037,,Complete genome,ClYMV
Begomovirus clerodendronis,Clerodendron golden mosaic virus,Vietnam/Sonla/2005,DNA-A: DQ641692,DNA-B: DQ641693,Complete genome,ClGMV
Begomovirus clerodendrumchinaense,Clerodendrum golden mosaic China virus,China/Fuzhou 7/2007/Fuzon,DNA-A: FJ011668,DNA-B: FJ011669,Complete genome,ClGMCNV/Fu
Begomovirus clerodendrumchinaense,Clerodendrum golden mosaic China virus,,DNA-A: FN396962,DNA-B: FN396963,Complete genome,ClGMCNV/Ji
Begomovirus clerodendrumjiangsuense,Clerodendrum golden mosaic Jiangsu virus,China/Jiangsu XY2/2008,DNA-A: FN396966,,Complete genome,ClGMJsV
Begomovirus cnidoscoli,Cnidoscolus mosaic leaf deformation virus,Brazil-Mes3-2015,DNA-A: KT966771,DNA-B: KT966772,Complete genome,CnMLDV
Begomovirus cocciniae,Coccinia mosaic Tamil Nadu virus,India-TDVCoc1-2013,DNA-A: KM244719,DNA-B: KM244718,Complete genome,CMTNV
Begomovirus coheni,tomato yellow leaf curl virus,Spain/Almeria/Pepper/1999,DNA-A: AJ489258,,Complete genome,TYLCV
Begomovirus coheni,tomato yellow leaf curl virus,,DNA-A: GU076454,,Complete genome,TYLCV/Bou
Begomovirus coheni,tomato yellow leaf curl virus,,DNA-A: AJ132711,,Complete genome,TYLCV/IR
Begomovirus coheni,tomato yellow leaf curl virus,,DNA-A: EU635776,,Complete genome,TYLCV/Kah
Begomovirus coheni,tomato yellow leaf curl virus,,DNA-A: GU076442,,Complete genome,TYLCV/Ker
Begomovirus coheni,tomato yellow leaf curl virus,,DNA-A: X76319,,Complete genome,TYLCV/Mld
Begomovirus corchocubaense,Corchorus yellow vein Cuba virus,CU-Co705-1-13,DNA-A: MF773912,,Complete genome,CoYVCUV
Begomovirus corchoflavi,Corchorus yellow spot virus,Mexico/Yucatan/2005,DNA-A: DQ875868,DNA-B: DQ875869,Complete genome,CoYSV
Begomovirus corchomusivi,Corchorus yellow vein mosaic virus,India/Maharashtra/CEA8/2011,DNA-A: KC223600,,Complete genome,CoYV
Begomovirus corchori,Corchorus golden mosaic virus,Vietnam/Hanoi/2005/Hanoi,DNA-A: DQ641688,DNA-B: DQ641689,Complete genome,CoGMV/Ha
Begomovirus corchori,Corchorus golden mosaic virus,,DNA-A: FJ463902,DNA-B: FJ463901,Complete genome,CoGMV/IN
Begomovirus corchovenae,Corchorus yellow vein virus,Vietnam/Hoa Binh/2000,DNA-A: AY727903,DNA-B: AY727904,Complete genome,CoYVV
Begomovirus costai,bean golden mosaic virus,Brazil/Campinas 1/1978,DNA-A: M88686,DNA-B: M88687,Complete genome,BGMV
Begomovirus costai,bean golden mosaic virus,,DNA-A: JN419006,,Complete genome,BGMV/Ala
Begomovirus crassocephali,Crassocephalum yellow vein virus,China/Jinhong/2005,DNA-A: EF165536,,Complete genome,CraYVV
Begomovirus crotalariae,sunn hemp leaf distortion virus,India/Barrackpore 1/2008,DNA-A: FJ455449,,Complete genome,SHLDV
Begomovirus crotoflavi,croton yellow vein mosaic virus,India,DNA-A: AJ507777,,Complete genome,CroYVMV
Begomovirus crotomusivi,Croton golden mosaic virus,CO-Fl_Va-14,DNA-A: KX156613,DNA-B: KX156614,Complete genome,CroGMV
Begomovirus cucumis,cucumber chlorotic leaf virus,MX-Colima-18,DNA-A: MN013786,DNA-B: MN013787,Complete genome,CuChLV
Begomovirus cucumisflavi,melon yellow mosaic virus,TH-Me-MS-9-15,DNA-A: MH665365,,Complete genome,MeYMV
Begomovirus cucumismusivi,melon chlorotic mosaic virus,Venezuela/Watermelon/2009,DNA-A: HM163576,DNA-B: HM163577,Complete genome,MClMV
Begomovirus cucurbitachinaense,squash leaf curl China virus,Vietnam/B/China,DNA-A: AF509743,DNA-B: AF509742,Complete genome,SLCCNV/CN
Begomovirus cucurbitachinaense,squash leaf curl China virus,,DNA-A: EU487031,,Complete genome,SLCCNV
Begomovirus cucurbitachinaense,squash leaf curl China virus,,DNA-A: AM286794,,Complete genome,SLCCNV/IN
Begomovirus cucurbitachinaense,squash leaf curl China virus,,DNA-A: EU543562,,Complete genome,SLCCNV/TH
Begomovirus cucurbitae,cucurbit leaf crumple virus,United States/Arizona/1991,DNA-A: AF224760,DNA-B: AF224761,Complete genome,CuLCrV
Begomovirus cucurbitamaximae,pumpkin yellow mosaic virus,Malaysia/Negeri Sambilan/2001,DNA-A: EF197941,,Complete genome,PuYMV
Begomovirus cucurbitapeponis,squash leaf curl virus,United States/Imperial Valley/1979,DNA-A: M38183,DNA-B: M38182,Complete genome,SLCuV
Begomovirus cucurbitaphilippinense,squash leaf curl Philippines virus,Philippines/Munoz,DNA-A: AB085793,DNA-B: AB085794,Complete genome,SLCuPV
Begomovirus cucurbitatenuis,squash mild leaf curl virus,United States/Imperial Valley/1979,DNA-A: AF421552,DNA-B: AF421553,Complete genome,SMLCuV
Begomovirus cucurbitayunnanense,squash leaf curl Yunnan virus,China/Yunnan/Y23,DNA-A: AJ420319,,Complete genome,SLCuYV
Begomovirus dalechampiae,Dalechampia chlorotic mosaic virus,Venezuela/Albarico1020/2007,DNA-A: JN848775,DNA-B: JN848776,Complete genome,DaChMV
Begomovirus daturadistortionis,Datura leaf distortion virus,Venezuela/Rubio 933/2007,DNA-A: JN848773,DNA-B: JN848774,Complete genome,DaLDV
Begomovirus daturae,Datura leaf curl virus,SD- Kha435-16,DNA-A: MF402918,,Complete genome,DaLCV
Begomovirus deinbolliae,Deinbollia mosaic virus,Tanzania-DB_T1A-2015,DNA-A: KT878829,DNA-B: KT878828,Complete genome,DMV
Begomovirus desmodii,Desmodium mottle virus,Uganda-Ki_UG5-2015,DNA-A: KY294725,DNA-B: KY294727,Complete genome,DesMoV
Begomovirus desmodistortionis,Desmodium leaf distortion virus,Mexico/Yucatan/2005,DNA-A: DQ875870,DNA-B: DQ875871,Complete genome,DesLDV
Begomovirus diclipteracubaense,Dicliptera yellow mottle Cuba virus,Cuba,DNA-A: AJ549960,,Complete genome,DiYMCUV
Begomovirus diclipterae,Dicliptera yellow mottle virus,United States/Florida/1998,DNA-A: AF139168,DNA-B: AF170101,Complete genome,DiYMoV
Begomovirus dolichoris,Dolichos yellow mosaic virus,Bangladesh/Gazipur,DNA-A: AY271891,,Complete genome,DoYMV
Begomovirus durantae,Duranta leaf curl virus,Pakistan-57SA-2014,DNA-A: KT948069,,Complete genome,DuLCV
Begomovirus ecliptae,Eclipta yellow vein virus,IN-WOK44-14,DNA-A: KT390456,,Complete genome,EYVV
Begomovirus emiliae,Emilia yellow vein virus,China/Fuzhou 1/2007,DNA-A: EU377539,,Complete genome,EYVV
Begomovirus emiliafujianense,Emilia yellow vein Fujian virus,CN-Fj-Zz01-17,DNA-A: MH035670,,Complete genome,EYVFjV
Begomovirus emiliathailandense,Emilia yellow vein Thailand virus,TH-4872_6-15,DNA-A: KY373213,,Complete genome,EYVTHV
Begomovirus erectitesis,Erectites yellow mosaic virus,Vietnam/Hoabinh/2005,DNA-A: DQ641698,,Complete genome,ErYMV
Begomovirus eupatorii,Eupatorium yellow vein virus,Japan/Kumamoto/A,DNA-A: AB007990,,Complete genome,EpYVV/A
Begomovirus eupatorii,Eupatorium yellow vein virus,,DNA-A: AJ438936,,Complete genome,EpYVV/B
Begomovirus eupatorii,Eupatorium yellow vein virus,,DNA-A: AB079766,,Complete genome,EpYVV/C
Begomovirus eupatorii,Eupatorium yellow vein virus,,DNA-A: AB300463,,Complete genome,EpYVV/D
Begomovirus eupatorii,Eupatorium yellow vein virus,,DNA-A: AB433979,,Complete genome,EpYVV/E
Begomovirus euphorbiae,Euphorbia leaf curl virus,China/Guangxi 35/2002,DNA-A: AJ558121,,Complete genome,EuLCuV
Begomovirus euphorbiaflavi,Euphorbia yellow leaf curl virus,Pakistan-PK1A-2012,DNA-A: KT159766,,Complete genome,EuYLCV
Begomovirus euphorbiaguangxiense,Euphorbia leaf curl Guangxi virus,China/Guangxi 35/1/2002,DNA-A: AM411424,,Complete genome,EuLCGxV/A
Begomovirus euphorbiamusivi,Euphorbia mosaic virus,Mexico/Yucatan/2004,DNA-A: DQ318937,DNA-B: DQ318938,Complete genome,EuMV
Begomovirus euphorbiamusiviflavi,Euphorbia yellow mosaic virus,Brazil/2008,DNA-A: FJ619507,DNA-B: FJ619508,Complete genome,EuYMV
Begomovirus euphorbiamusiviflavi,Euphorbia yellow mosaic virus,,DNA-A: JF756676,,Complete genome,EuYMV
Begomovirus euphorbiaperuense,Euphorbia mosaic Peru virus,Peru-2007,DNA-A: AM886131,,Complete genome,EuMPV
Begomovirus glycinepallidi,soybean chlorotic blotch virus,Nigeria/Soybean 19/2007,DNA-A: GQ472985,DNA-B: GQ472986,Complete genome,SbCBV
Begomovirus glycinevariati,soybean mild mottle virus,Nigeria/Soybean 17/2007,DNA-A: GQ472984,,Complete genome,SbMMoV
Begomovirus glycinis,soybean blistering mosaic virus,Argentina/NOA/2005,DNA-A: EF016486,,Complete genome,SbBMV
Begomovirus gossypialabadense,cotton leaf curl Alabad virus,Pakistan/Alabad 804a/1996/Alabad,DNA-A: AJ002455,,Complete genome,CLCuAlV/Al
Begomovirus gossypialabadense,cotton leaf curl Alabad virus,,DNA-A: GU112081,,Complete genome,CLCuAlV/Ha
Begomovirus gossypialabadense,cotton leaf curl Alabad virus,,DNA-A: GU112004,,Complete genome,CLCuAlV/Ka
Begomovirus gossypialabadense,cotton leaf curl Alabad virus,,DNA-A: FJ210467,,Complete genome,CLCuAlV/Lo
Begomovirus gossypialabadense,cotton leaf curl Alabad virus,,DNA-A: EU384575,,Complete genome,CLCuAlV/Mu
Begomovirus gossypibangalorense,cotton leaf curl Bangalore virus,India/Bangalore/2004,DNA-A: AY705380,,Complete genome,CLCuBaV
Begomovirus gossypibarasatense,cotton leaf curl Barasat virus,India-2014,DNA-A: LC080677,,Complete genome,CLCuBarV
Begomovirus gossypiflavi,cotton yellow mosaic virus,Benin-Gos_San2-2014,DNA-A: KU683748,DNA-B: KU683750,Complete genome,CYMV
Begomovirus gossypigeziraense,cotton leaf curl Gezira virus,Sudan/Gezira/1996/Sudan,DNA-A: AF260241,,Complete genome,CLCuGeV/SD
Begomovirus gossypigeziraense,cotton leaf curl Gezira virus,,DNA-A: FN554540,,Complete genome,CLCuGeV/BF
Begomovirus gossypigeziraense,cotton leaf curl Gezira virus,,DNA-A: AJ542539,,Complete genome,CLCuGeV/Ca
Begomovirus gossypigeziraense,cotton leaf curl Gezira virus,,DNA-A: FM210276,,Complete genome,CLCuGeV/CM
Begomovirus gossypigeziraense,cotton leaf curl Gezira virus,,DNA-A: AF155064,,Complete genome,CLCuGeV/EG
Begomovirus gossypigeziraense,cotton leaf curl Gezira virus,,DNA-A: AF014881,,Complete genome,CLCuGeV/Ho
Begomovirus gossypigeziraense,cotton leaf curl Gezira virus,,DNA-A: FM164726,,Complete genome,CLCuGeV/Ly
Begomovirus gossypigeziraense,cotton leaf curl Gezira virus,,DNA-A: AM701757,,Complete genome,CLCuGeV/MG
Begomovirus gossypigeziraense,cotton leaf curl Gezira virus,,DNA-A: EU024120,,Complete genome,CLCuGeV/ML
Begomovirus gossypigeziraense,cotton leaf curl Gezira virus,,DNA-A: EU432373,,Complete genome,CLCuGeV/NE
Begomovirus gossypigeziraense,cotton leaf curl Gezira virus,,DNA-A: FJ868828,,Complete genome,CLCuGeV/Ok
Begomovirus gossypii,cotton leaf crumple virus,Mexico/Sonora/1991/Arizona,DNA-A: AF480940,DNA-B: AF480941,Complete genome,CLCrV/AZ
Begomovirus gossypii,cotton leaf crumple virus,,DNA-A: AY083351,,Complete genome,CLCrV/TX
Begomovirus gossypikokranense,cotton leaf curl Kokhran virus,Pakistan/Manisal 806b/1996/Kokhran,DNA-A: AJ002449,,Complete genome,CLCuKoV/Ko
Begomovirus gossypikokranense,cotton leaf curl Kokhran virus,,DNA-A: AM421522,,Complete genome,CLCuKoV/Bu
Begomovirus gossypikokranense,cotton leaf curl Kokhran virus,,DNA-A: HF549182,,Complete genome,CLCuKoV/La
Begomovirus gossypikokranense,cotton leaf curl Kokhran virus,,DNA-A: GU385879,,Complete genome,CLCuKoV/Lu
Begomovirus gossypikokranense,cotton leaf curl Kokhran virus,,DNA-A: FN552001,,Complete genome,CLCuKoV/Sha
Begomovirus gossypimaculae,cotton chlorotic spot virus,Brazil/CampinaGrandeB012/2009,DNA-A: KF358470,DNA-B: KF358471,Complete genome,CoChSpV
Begomovirus gossypimultanense,cotton leaf curl Multan virus,Pakistan/Multan/Darwinii 1/2006/Darwinii,DNA-A: EU365613,,Complete genome,CLCuMuV/Dar
Begomovirus gossypimultanense,cotton leaf curl Multan virus,,DNA-A: AJ002447,,Complete genome,CLCuMuV/Fai
Begomovirus gossypimultanense,cotton leaf curl Multan virus,,DNA-A: JN807763,,Complete genome,CLCuMuV/Hib
Begomovirus gossypimultanense,cotton leaf curl Multan virus,,DNA-A: AJ132430,,Complete genome,CLCuMuV/His
Begomovirus gossypimultanense,cotton leaf curl Multan virus,,DNA-A: EU365616,,Complete genome,CLCuMuV/PK
Begomovirus gossypimultanense,cotton leaf curl Multan virus,,DNA-A: AF363011,,Complete genome,CLCuMuV/Ra
Begomovirus hedyotis,Hedyotis uncinella yellow mosaic virus,Vietnam/VN1,DNA-A: KF429251,,Complete genome,HeuYMV
Begomovirus hemidesmi,Hemidesmus yellow mosaic virus,India/Tirupati/H1/2012,DNA-A: KC898543,,Complete genome,HemYMV
Begomovirus hibisci,Hibiscus golden mosaic virus,BR-IgM1-16,DNA-A: MK558061,DNA-B: MK558062,Complete genome,HGMV
Begomovirus hibiscusvenae,Hibiscus yellow vein leaf curl virus,TW-HibA_1-13,DNA-A: MF140451,,Complete genome,HYVLCV
Begomovirus hybanthi,Hybanthus yellow mosaic virus,CO-Valle-14,DNA-A: KX156609,DNA-B: KX156610,Complete genome,HybYMV
Begomovirus ipomoeacanaryense,sweet potato leaf curl Canary virus,Spain/Canary Islands/BG25/2002,DNA-A: FJ529203,,Complete genome,SPLCCV
Begomovirus ipomoeachinaense,sweet potato leaf curl China virus,China/2005,DNA-A: DQ512731,,Complete genome,SPLCCNV
Begomovirus ipomoeae,sweet potato leaf curl virus,United States/Louisiana/1994/United States,DNA-A: AF104036,,Complete genome,SPLCV/US
Begomovirus ipomoeae,sweet potato leaf curl virus,,DNA-A: EU253456,,Complete genome,SPLCV/CN
Begomovirus ipomoeae,sweet potato leaf curl virus,,DNA-A: AJ132548,,Complete genome,SPLCV
Begomovirus ipomoeae,sweet potato leaf curl virus,,DNA-A: FJ969829,,Complete genome,SPLCV/BR
Begomovirus ipomoeae,sweet potato leaf curl virus,,DNA-A: FJ515898,,Complete genome,SPLCV/Fu
Begomovirus ipomoeae,sweet potato leaf curl virus,,DNA-A: AJ586885,,Complete genome,SPLCV/IT
Begomovirus ipomoeae,sweet potato leaf curl virus,,DNA-A: AB433786,,Complete genome,SPLCV/JP
Begomovirus ipomoeae,sweet potato leaf curl virus,,DNA-A: FJ969830,,Complete genome,SPLCV/PB
Begomovirus ipomoeae,sweet potato leaf curl virus,,DNA-A: HQ393456,,Complete genome,SPLCV/PE
Begomovirus ipomoeae,sweet potato leaf curl virus,,DNA-A: DQ644562,,Complete genome,SPLCV/PR
Begomovirus ipomoeae,sweet potato leaf curl virus,,DNA-A: HQ393447,,Complete genome,SPLCV/RO
Begomovirus ipomoeae,sweet potato leaf curl virus,,DNA-A: HQ393473,,Complete genome,SPLCV/SP
Begomovirus ipomoeae,sweet potato leaf curl virus,,DNA-A: HQ333138,,Complete genome,SPLCV/SC
Begomovirus ipomoeae,sweet potato leaf curl virus,,DNA-A: EF456744,,Complete genome,SPLCV/ES
Begomovirus ipomoeageorgiaense,sweet potato leaf curl Georgia virus,United States/Georgia/16,DNA-A: AF326775,,Complete genome,SPLCGV
Begomovirus ipomoeaguangxiense,sweet potato leaf curl Guangxi virus,China-Guangxi5-2011,DNA-A: KJ476510,,Complete genome,SPLCGxV
Begomovirus ipomoeahenanense,sweet potato leaf curl Henan virus,China/Henan 10/2012,DNA-A: KC907406,,Complete genome,SPLCHnV
Begomovirus ipomoeahubeiense,sweet potato leaf curl Hubei virus,CN-Hubei22-17,DNA-A: MH577011,,Complete genome,SPLCHbV
Begomovirus ipomoeakoreaense,sweet potato golden Korea vein virus,South Korea-20102-2012,DNA-A: KT992056,,Complete genome,SPGVKRV
Begomovirus ipomoeamusivi,sweet potato mosaic virus,Brazil/Brasilia1/2008,DNA-A: FJ969831,,Complete genome,SPMV
Begomovirus ipomoeasaopauloense,sweet potato leaf curl Sao Paulo virus,Brazil/Sao Paulo/Alvares Machado/2009,DNA-A: HQ393477,,Complete genome,SPLCSPV
Begomovirus ipomoeashandongense,sweet potato leaf curl Shandong virus,CN-SD-14,DNA-A: KU323597,,Complete genome,SPLCSdV
Begomovirus ipomoeasichuanprimi,sweet potato leaf curl Sichuan virus 1,China/Sichuan 15/2012,DNA-A: KC488316,,Complete genome,SPLCSiV/1
Begomovirus ipomoeasichuansecundi,sweet potato leaf curl Sichuan virus 2,China/Sichuan 14/2012,DNA-A: KF156759,,Complete genome,SPLCSiV/2
Begomovirus ipomoeasouthcarolinaense,sweet potato leaf curl South Carolina virus,United States/South Carolina/648/B9/2006,DNA-A: HQ333144,,Complete genome,SPLCSCV
Begomovirus jacquemontiamusivi,Jacquemontia yellow mosaic virus,Venezuela-RC1250-09,DNA-A: KF661331,DNA-B: KF661332,Complete genome,JacYMV
Begomovirus jacquemontiavenae,Jacquemontia yellow vein virus,VE-Zu 1915_1-10,DNA-A: KY617094,DNA-B: KY617095,Complete genome,JacYVV
Begomovirus jacquemontiayucatanense,Jacquemontia mosaic Yucatan virus,Mexico/Yucatan/2007,DNA-A: JQ821386,DNA-B: JQ821387,Complete genome,JacMYuV
Begomovirus jatrophae,Jatropha leaf curl virus,India/New Delhi/2007/New Delhi,DNA-A: EU798996,,Complete genome,JLCuV/ND
Begomovirus jatrophae,Jatropha leaf curl virus,,DNA-A: GU451249,,Complete genome,JLCuV/Gu
Begomovirus jatrophaflavamusivi,Jatropha yellow mosaic virus,India/Kathaupahadi/2008,DNA-A: FJ177030,,Complete genome,JYMV
Begomovirus jatrophaflavi,Jatropha leaf yellow mosaic virus,India-Katerniaghat2-2011,DNA-A: JN698954,,Complete genome,JLYMV
Begomovirus jatrophagujaratense,Jatropha leaf curl Gujarat virus,India-Gujarat-2013,DNA-A: KM411359,,Complete genome,JLCGV
Begomovirus jatrophaindiaense,Jatropha mosaic India virus,India/Lucknow/2009,DNA-A: HM230683,,Complete genome,JMINV
Begomovirus jatrophamusivi,Jatropha mosaic virus,Jamaica/Spanish Town 1/2004,DNA-A: KF723258,DNA-B: KF723261,Complete genome,JMV
Begomovirus jatrophanigeriaense,Jatropha mosaic Nigeria virus,Nigeria/2/2011,DNA-A: JX025358,,Complete genome,JMNV
Begomovirus jeskei,Abutilon mosaic Bolivia virus,Bolivia/2007,DNA-A: HM585445,DNA-B: HM585446,Complete genome,AbMBoV
Begomovirus kokenae,Eupatorium yellow vein mosaic virus,Japan/SOJ3/2000,DNA-A: AJ438937,,Complete genome,EpYVMV
Begomovirus leonuri,Leonurus mosaic virus,Brasil/PR88/2008/Leonurus,DNA-A: JQ429791,,Complete genome,LeMV/Le
Begomovirus linderniae,Lindernia anagallis yellow vein virus,Vietnam/Hanoi/2005,DNA-A: DQ641701,,Complete genome,LaYVV
Begomovirus lisianthi,Lisianthus enation leaf curl virus,Taiwan-BG1-2015,DNA-A: LC091538,,Complete genome,LELCV
Begomovirus loniceramusivi,horsegram yellow mosaic virus,India/Coimbatore,DNA-A: AJ627904,DNA-B: AJ627905,Complete genome,HgYMV
Begomovirus ludwigiae,Ludwigia yellow vein virus,China/Guangxi 37/2003,DNA-A: AJ965539,,Complete genome,LuYVV
Begomovirus ludwigiavietnamense,Ludwigia yellow vein Vietnam virus,Vietnam/Hochiminh/2005,DNA-A: DQ641699,,Complete genome,LuYVVNV
Begomovirus luffae,Luffa yellow mosaic virus,Vietnam,DNA-A: AF509739,DNA-B: AF509740,Complete genome,LYMV
Begomovirus lycianthesis,Lycianthes yellow mosaic virus,China-GD-2015,DNA-A: KT582302,DNA-B: KT582303,Complete genome,LyYMV
Begomovirus macroptilaurei,Macroptilium golden mosaic virus,Jamaica/ Augusta Town/2004,DNA-A: EU158096,DNA-B: EU158097,Complete genome,MacGMV
Begomovirus macroptilicommunis,Macroptilium common mosaic virus,Brazil-ALM2_5B-09,DNA-A: KX691396,DNA-B: KX691412,Complete genome,MacCMV
Begomovirus macroptilifloridaense,Macroptilium yellow mosaic Florida virus,United States/Florida/1985,DNA-A: AY044135,DNA-B: AY044136,Complete genome,MacYMFV
Begomovirus macroptilii,Macroptilium yellow mosaic virus,Jamaica/Mona/2006/Jamaica,DNA-A: EF585290,DNA-B: EF585291,Complete genome,MacYMV/JM
Begomovirus macroptilii,Macroptilium yellow mosaic virus,,DNA-A: AJ344452,,Complete genome,MacYMV/CU
Begomovirus macroptilimaculae,Macroptilium yellow spot virus,Brazil/Agua das Flores 1/2010,DNA-A: JN419013,,Complete genome,MacYSV
Begomovirus macroptilimusivi,Macroptilium bright mosaic virus,Brazil-ALM33_5B-2014,DNA-A: KX691400,,Complete genome,MacBMV
Begomovirus macroptilipuertoricoense,Macroptilium mosaic Puerto Rico virus,Puerto Rico/1990,DNA-A: AY044133,DNA-B: AY044134,Complete genome,MacMPRV
Begomovirus macroptilivenae,Macroptilium yellow vein virus,Brazil/Maceio 4/2010,DNA-A: JN419021,,Complete genome,MacYVV
Begomovirus macrotylomae,honeysuckle yellow vein virus,UK/Norwich 1/1999/UK,DNA-A: AJ542540,,Complete genome,HYVV/UK
Begomovirus macrotylomae,honeysuckle yellow vein virus,,DNA-A: JX416174,,Complete genome,HYVV
Begomovirus macrotylomae,honeysuckle yellow vein virus,,DNA-A: AB178945,,Complete genome,HYVV/A
Begomovirus macrotylomae,honeysuckle yellow vein virus,,DNA-A: AB079765,,Complete genome,HYVV/C
Begomovirus macrotylomae,honeysuckle yellow vein virus,,DNA-A: AB287441,,Complete genome,HYVV/D
Begomovirus macrotylomae,honeysuckle yellow vein virus,,DNA-A: AB287440,,Complete genome,HYVV/E
Begomovirus macrotylomae,honeysuckle yellow vein virus,,DNA-A: AB287439,,Complete genome,HYVV/Iba
Begomovirus macrotylomae,honeysuckle yellow vein virus,,DNA-A: AB182261,,Complete genome,HYVV/JR
Begomovirus macrotylomae,honeysuckle yellow vein virus,,DNA-A: HM164545,,Complete genome,HYVV/Je
Begomovirus macrotylomae,honeysuckle yellow vein virus,,DNA-A: AB178946,,Complete genome,HYVV/Kob
Begomovirus macrotylomae,honeysuckle yellow vein virus,,DNA-A: AB055009,,Complete genome,HYVV/Koc
Begomovirus macrotylomae,honeysuckle yellow vein virus,,DNA-A: AB236325,,Complete genome,HYVV/Mas
Begomovirus macrotylomae,honeysuckle yellow vein virus,,DNA-A: AB079689,,Complete genome,HYVV/Nar
Begomovirus macrotylomae,honeysuckle yellow vein virus,,DNA-A: FJ434943,,Complete genome,HYVV/KR1
Begomovirus macrotylomae,honeysuckle yellow vein virus,,DNA-A: HM164547,,Complete genome,HYVV/KR2
Begomovirus malvastri,Malvastrum leaf curl virus,China/Guangxi 87/2004,DNA-A: AJ971263,,Complete genome,MaLCuV
Begomovirus malvastrumcambodiaense,Malvastrum yellow vein Cambodia virus,Cambodia-08-2014,DNA-A: KP188831,,Complete genome,MaYVCV
Begomovirus malvastrumflavi,Malvastrum bright yellow mosaic virus,United States-Ma8S-2014,DNA-A: KU058856,DNA-B: KU058860,Complete genome,MaBYMV
Begomovirus malvastrumhelshirense,Malvastrum yellow mosaic Helshire virus,Jamaica/2005,DNA-A: FJ600483,,Complete genome,MaYMHeV
Begomovirus malvastrumhonghense,Malvastrum yellow vein Honghe virus,China/Yunnan 249/2004,DNA-A: FN552749,,Complete genome,MaYVHV
Begomovirus malvastrumjamaicaense,Malvastrum yellow mosaic Jamaica virus,Jamaica/179A73/2003,DNA-A: FJ601917,DNA-B: FJ600484,Complete genome,MaYMJV
Begomovirus malvastrumlahorense,Malvastrum yellow vein Lahore virus,PK-Lah-J47-13,DNA-A: MF683828,,Complete genome,MalYVLahV
Begomovirus malvastrummusivi,Malvastrum yellow mosaic virus,China/Hainan 36/2004,DNA-A: AM236755,,Complete genome,MaYMV
Begomovirus malvastrumphilipinesense,Malvastrum leaf curl Philippines virus,Philippines/Mc1/2012,DNA-A: KC577540,,Complete genome,MaLCPHV
Begomovirus malvastrumyunnanense,Malvastrum yellow vein Yunnan virus,China/Yunnan 160/2003,DNA-A: AJ786711,,Complete genome,MaYVYnV
Begomovirus malvatrumvenae,Malvastrum yellow vein virus,China/Yunnan 47/2001,DNA-A: AJ457824,,Complete genome,MaYVV
Begomovirus malvatrumvenae,Malvastrum yellow vein virus,,DNA-A: FN386459,,Complete genome,MaYVV/A
Begomovirus malvatrumvenae,Malvastrum yellow vein virus,,DNA-A: FN806779,,Complete genome,MaYVV/C
Begomovirus manihotis,African cassava mosaic virus,Cameroon/1998,DNA-A: J02057,DNA-B: J02058,Complete genome,ACMV
Begomovirus manihotisafricaense,East African cassava mosaic virus,Uganda/Severe 2/1997/Uganda,DNA-A: AF126806,DNA-B: AF126807,Complete genome,EACMV/UG
Begomovirus manihotisafricaense,East African cassava mosaic virus,,DNA-A: AJ717542,DNA-B: AJ704949,Complete genome,EACMV/KE
Begomovirus manihotisafricaense,East African cassava mosaic virus,,DNA-A: JX473582,,Complete genome,EACMV/MW
Begomovirus manihotisafricaense,East African cassava mosaic virus,,DNA-A: AY795983,DNA-B: AY795989,Complete genome,EACMV/TZ
Begomovirus manihotisburkinafasoense,African cassava mosaic Burkina Faso virus,BF-Oua-127-08,DNA-A: HE616777,DNA-B: HE616778,Complete genome,ACMBFV
Begomovirus manihotiscameroonense,East African cassava mosaic Cameroon virus,Cameroon/1998,DNA-A: AF112354,DNA-B: AF112355,Complete genome,EACMCMV
Begomovirus manihotisindianense,Indian cassava mosaic virus,India/Trivandrum/1986/India,DNA-A: Z24758,DNA-B: Z24759,Complete genome,ICMV/IN
Begomovirus manihotisindianense,Indian cassava mosaic virus,,DNA-A: JF496657,DNA-B: JF496656,Complete genome,ICMV
Begomovirus manihotisindianense,Indian cassava mosaic virus,,DNA-A: GQ924760,DNA-B: GQ924761,Complete genome,ICMV/Jat
Begomovirus manihotisindianense,Indian cassava mosaic virus,,DNA-A: AJ575819,,Complete genome,ICMV/Ker
Begomovirus manihotiskenyaense,East African cassava mosaic Kenya virus,Kenya/Mitaboni/K298/2002,DNA-A: AJ717572,DNA-B: AJ704971,Complete genome,EACMKV
Begomovirus manihotismadagascarense,cassava mosaic Madagascar virus,Madgascar/Toliary/2006,DNA-A: HE617299,DNA-B: HE617300,Complete genome,CMMGV
Begomovirus manihotismalawiense,East African cassava mosaic Malawi virus,Malawi/K/1996,DNA-A: AJ006460,,Complete genome,EACMMV
Begomovirus manihotiszanzibarense,East African cassava mosaic Zanzibar virus,Tanzania/Uguja/1998,DNA-A: AF422174,DNA-B: AF422175,Complete genome,EACMZV
Begomovirus melochiae,Melochia mosaic virus,Brazil-CorB25-2014,DNA-A: KT201151,DNA-B: KT201152,Complete genome,MelMV
Begomovirus melochiaflavi,Melochia yellow mosaic virus,Brazil-CorB26-2014,DNA-A: KT201153,DNA-B: KT201154,Complete genome,MelYMV
Begomovirus merremiae,Merremia mosaic virus,Puerto Rico/Puerto Rico,DNA-A: AF068636,DNA-B: AY965899,Complete genome,MerMV/PR
Begomovirus merremiae,Merremia mosaic virus,,DNA-A: AY508991,DNA-B: AY508992,Complete genome,MerMV/VE
Begomovirus merremiapuertoricoense,Merremia mosaic Puerto Rico virus,Puerto Rico/89/1998,DNA-A: FJ944021,DNA-B: FJ944022,Complete genome,MerMPRV
Begomovirus mestae,Mesta yellow vein mosaic Bahraich virus,India/Bahraich/2007,DNA-A: EU360303,,Complete genome,MeYVMBaV
Begomovirus mimosae,Mimosa yellow leaf curl virus,Vietnam/Binhduong/2005,DNA-A: DQ641695,,Complete genome,MiYLCV
Begomovirus mirabilis,Mirabilis leaf curl virus,India-Pragpur-2013,DNA-A: LK054801,,Complete genome,MirLCV
Begomovirus momordicae,bitter gourd yellow mosaic virus,IN-17,DNA-A: MH481856,DNA-B: MK116876,Complete genome,BgYMV
Begomovirus moralesi,bean dwarf mosaic virus,Colombia/1987,DNA-A: M88179,DNA-B: M88180,Complete genome,BDMV
Begomovirus mucunae,velvet bean severe mosaic virus,India/Lucknow/2008,DNA-A: FN543425,DNA-B: FN543426,Complete genome,VBSMV
Begomovirus mucunaflavi,velvet bean golden mosaic virus,Taiwan-bgv6_5-2014,DNA-A: KU569583,,Complete genome,VBGMV
Begomovirus nicotianacomorosense,tobacco leaf curl Comoros virus,Comoros/Simboussa/2004,DNA-A: AM701760,,Complete genome,TbLCKMV
Begomovirus nicotianacubaense,tobacco leaf curl Cuba virus,Cuba/VC/2015,DNA-A: KX011471,DNA-B: KX011472,Complete genome,TbLCCUV
Begomovirus nicotianadominicanense,tobacco leaf curl Dominican Republic virus,DO-CG-15,DNA-A: MH514011,DNA-B: MH514012,Complete genome,TbLCDOV
Begomovirus nicotianae,tobacco curly shoot virus,China/Yunnan 41/Tomato/2001,DNA-A: AJ457986,,Complete genome,TbCSV
Begomovirus nicotianaparvi,tobacco yellow crinkle virus,Cuba/2007,DNA-A: FJ213931,DNA-B: HQ896204,Complete genome,TbYCV
Begomovirus nicotianapusaense,tobacco leaf curl Pusa virus,India/Pusa/2009,DNA-A: HQ180391,,Complete genome,TbLCPuV/To
Begomovirus nicotianarugosi,tobacco leaf rugose virus,Cuba/Havana/2001,DNA-A: AJ488768,,Complete genome,TbLRV
Begomovirus nicotianathailandense,tobacco leaf curl Thailand virus,Thailand/Tomato/2005,DNA-A: DQ871221,,Complete genome,TbLCTHV
Begomovirus nicotianavariati,tobacco mottle leaf curl virus,Cuba/Sanci Spiritus/2003,DNA-A: FM160943,,Complete genome,TbMoLCV
Begomovirus nicotianayunnanense,tobacco leaf curl Yunnan virus,China/Yunnan 136/2002/China,DNA-A: AJ512761,,Complete genome,TbLCYnV/CN
Begomovirus nicotianazimbabwense,tobacco leaf curl Zimbabwe virus,Zimbabwe,DNA-A: AF350330,,Complete genome,TbLCZV
Begomovirus ocimumaurei,Ocimum golden mosaic virus,UG-UG31-2015,DNA-A: MN313661,DNA-B: MN313660,Complete genome,OcGMV
Begomovirus ocimummusivi,Ocimum mosaic virus,UG-UG31-2015,DNA-A: MN313669,DNA-B: MN313668,Complete genome,OcMV
Begomovirus ocimumvenae,Ocimum yellow vein virus,UG-UG14-2015,DNA-A: MN313667,DNA-B: MN313666,Complete genome,OcYVV
Begomovirus papayae,papaya leaf crumple virus,India/Panipat/2008,DNA-A: HM140367,,Complete genome,PaLCrV
Begomovirus passifloracontorsionis,passionfruit leaf distortion virus,Colombia-Valle-2014,DNA-A: KT899302,DNA-B: KT899303,Complete genome,PLDV
Begomovirus passiflorae,passionfruit leaf curl virus,IN-Kar-Fb-2018,DNA-A: MK087124,,Complete genome,PLCV
Begomovirus passifloraseveri,passionfruit severe leaf distortion virus,Brazil/LSN 2/2001,DNA-A: FJ972767,DNA-B: FJ972768,Complete genome,PSLDV
Begomovirus pavoniae,Pavonia mosaic virus,Brazil-Cor40-2014,DNA-A: KT948785,DNA-B: KT948786,Complete genome,PavMV
Begomovirus pavoniaflavi,Pavonia yellow mosaic virus,Brazil-Alb51-2014,DNA-A: KT948787,DNA-B: KT948788,Complete genome,PavYMV
Begomovirus pedilanthi,Pedilenthus leaf curl virus,Pakistan/Multan/2006,DNA-A: AM712436,,Complete genome,PeLCV
Begomovirus pedilanthi,Pedilenthus leaf curl virus,,DNA-A: DQ116884,,Complete genome,PeLCV/Eu
Begomovirus pedilanthi,Pedilenthus leaf curl virus,,DNA-A: AM948961,,Complete genome,PeLCV/Sb
Begomovirus phaseoli,bean leaf crumple virus,CO-HA-15,DNA-A: KX857725,DNA-B: KX857726,Complete genome,BLCrV
Begomovirus phaseolialbi,bean white chlorosis mosaic virus,JN848772,DNA-A: JN848772,DNA-B: JQ283246,Complete genome,BWCMV
Begomovirus phaseolicaliconis,bean calico mosaic virus,Mexico/Sonora/1986,DNA-A: AF110189,DNA-B: AF110190,Complete genome,BChV
Begomovirus phaseolichlorosis,bean chlorosis virus,Venezuela/LaBarinesa459/2006,DNA-A: JN848770,DNA-B: JN848771,Complete genome,BChMV
Begomovirus phaseoligallici,French bean leaf curl virus,India/Kanpur/2011,DNA-A: JQ866297,,Complete genome,FbLCV
Begomovirus phaseolilatens,bean latent virus,MX-Nayarit CN30-14,DNA-A: MN158325,DNA-B: MN158326,Complete genome,BLV
Begomovirus phaseolimexicoense,bean yellow mosaic Mexico virus,Mexico/06.05.11/2011,DNA-A: FJ944023,,Complete genome,BYMMxV
Begomovirus phaseoliretorridi,bean bushy stunt virus,AR- General Mosconi-17,DNA-A: MN414067,DNA-B: MN414068,Complete genome,BBSV
Begomovirus phaseovulgaris,common bean mottle virus,Cuba-May6-2014,DNA-A: KX011473,DNA-B: KX011474,Complete genome,CBMoV
Begomovirus pisi,pea leaf distortion virus,Nepal-N36_41-2010,DNA-A: KY001635,,Complete genome,PeLDV
Begomovirus polygalae,Polygala garcinii virus,ZA-1-1-12,DNA-A: MG001959,,Complete genome,PgV
Begomovirus pouzolziae,Pouzolzia golden mosaic virus,China/TY01/2012,DNA-A: JX183732,,Complete genome,PouGMV
Begomovirus pouzolziaflavi,Pouzolzia yellow mosaic virus,TW-ML13W1-13,DNA-A: KF927128,,Complete genome,PouYMV
Begomovirus pouzolziaguangdongense,Pouzolzia mosaic Guangdong virus,Taiwan/Miaoli/ML13W1/2013,DNA-A: KF414123,,Complete genome,PouMGDV
Begomovirus premnae,Premna leaf curl virus,Vietnam/VN7/2011,DNA-A: JQ793786,,Complete genome,PreLCV
Begomovirus puerariae,kudzu mosaic virus,Vietnam/Hoabinh/2005,DNA-A: DQ641690,DNA-B: DQ641691,Complete genome,KuMV
Begomovirus ramiis,ramie mosaic Yunnan virus,China-4819_5-2015,DNA-A: KU522485,,Complete genome,RMYnV
Begomovirus rhynchosiae,Rhynchosia mild mosaic virus,Puerto Rico/PR79/1997,DNA-A: FJ944019,DNA-B: FJ944020,Complete genome,RhMMV
Begomovirus rhynchosiaflavi,Rhynchosia yellow mosaic virus,Pakistan/Lahore33/2007,DNA-A: AM999981,DNA-B: AM999982,Complete genome,RhYMV
Begomovirus rhynchosiahavanaense,Rhynchosia golden mosaic Havana virus,Cuba/Havana/2007,DNA-A: HM236368,DNA-B: HM236369,Complete genome,RhGMHaV
Begomovirus rhynchosiaindiaense,Rhynchosia yellow mosaic India virus,India/Thiruvananthapuram/JRH1/2009,DNA-A: HM777508,DNA-B: HM777510,Complete genome,RhYMIV
Begomovirus rhynchosiarugosi,Rhynchosia rugose golden mosaic virus,Cuba/Camaguey/2009,DNA-A: HM236370,DNA-B: HM236371,Complete genome,RhRGMV
Begomovirus rhynchosiasinaloaense,Rhynchosia golden mosaic Sinaloa virus,Mexico/Sinaloa/2005,DNA-A: DQ406672,DNA-B: DQ406673,Complete genome,CabLCV
Begomovirus rhynchosiaurei,Rhynchosia golden mosaic virus,Mexico/Sinaloa/2005/Mexico,DNA-A: DQ347950,DNA-B: EU339937,Complete genome,RhGMV/MX
Begomovirus rhynchosiaurei,Rhynchosia golden mosaic virus,,DNA-A: AF408199,,Partial genome,RhGMV/Tob
Begomovirus rhynchosiaurei,Rhynchosia golden mosaic virus,,DNA-A: EU339936,DNA-B: DQ356429,Complete genome,RhGMV/Sb
Begomovirus rosae,rose leaf curl virus,India/Rajasthan/Sikar AS24/2014,DNA-A: KJ739692,,Complete genome,RoLCuV
Begomovirus sauropi,Sauropus leaf curl virus,Thailand/Kamphaengsaen/AFSP5e/2010,DNA-A: JN809819,,Complete genome,SauLCuV
Begomovirus senecionis,Senecio yellow mosaic virus,China/Guangxi 46/2003,DNA-A: AJ876550,,Complete genome,SeYMV
Begomovirus sennae,Senna leaf curl virus,India-Mohali-2013,DNA-A: KU852742,,Complete genome,SenLCuV
Begomovirus sidaalagoasense,Sida mosaic Alagoas virus,Brazil/BgV02A1C59,DNA-A: JF694471,DNA-B: JF694473,Complete genome,SiMALV
Begomovirus sidaboliviaensecundi,Sida mosaic Bolivia virus 2,Bolivia/Sida micrantha/2007,DNA-A: HM585443,DNA-B: HM585444,Complete genome,SiMBoV2
Begomovirus sidaboliviaenseprimi,Sida mosaic Bolivia virus 1,Bolivia/Sida micrantha/2007,DNA-A: HM585441,DNA-B: HM585442,Complete genome,SiMBoV1
Begomovirus sidaciliaris,Sida ciliaris golden mosaic virus,Venezuela/Lara/M3/2009,DNA-A: JX857691,DNA-B: JX857692,Complete genome,SicGMV
Begomovirus sidacontorsionis,Sida leaf curl virus,China/Hainan 57/2004,DNA-A: AM050730,,Complete genome,SiLCuV
Begomovirus sidaflavachinaense,Sida yellow mosaic China virus,China/Hainan 7/Ageratum/2003,DNA-A: AM048837,,Complete genome,SiYMCNV
Begomovirus sidaflavacontorsionis,Sida yellow leaf curl virus,Brazil/Coimbra3/2007,DNA-A: EU710750,,Complete genome,SiYLCV
Begomovirus sidaflavalagoense,Sida yellow mosaic Alagoas virus,Brazil/Alagoas/Vicosa 3/2010,DNA-A: JX871383,,Complete genome,SiYMAV
Begomovirus sidaflavamaculae,Sida yellow blotch virus,Brazil/Rio Largo 1/2010,DNA-A: JX871380,,Complete genome,SiYBV
Begomovirus sidaflavamusivi,Sida yellow mosaic virus,Brazil/Vicosa 2/1999,DNA-A: AY090558,,Complete genome,SiYMV
Begomovirus sidaflavaneti,Sida yellow net virus,Brazil/Vicosa2/2010,DNA-A: JX871376,,Complete genome,SiYNV
Begomovirus sidaflavaureimusivi,Sida yellow golden mosaic virus,BR-SPI15-15,DNA-A: MF163258,DNA-B: MF163259,Complete genome,SiYGMV
Begomovirus sidaflavavariati,Sida yellow mottle virus,Cuba/Sancti Spiritus159/1/2009,DNA-A: JN411687,DNA-B: JN411688,Complete genome,SiYMoV
Begomovirus sidaflavavenae,Sida yellow vein virus,Honduras/yellow vein,DNA-A: Y11099,DNA-B: Y11100,Complete genome,SiYVV
Begomovirus sidaflavavietnamense,Sida yellow vein Vietnam virus,Vietnam/Hanoi/2005,DNA-A: DQ641696,,Complete genome,SiYVVV
Begomovirus sidaflavayucatanense,Sida yellow mosaic Yucatan virus,Mexico/Yucatan/2005,DNA-A: DQ875872,DNA-B: DQ875873,Complete genome,SiYMYuV
Begomovirus sidaflavi,Sida bright yellow mosaic virus,Brazil-Tac720-2010,DNA-A: KX348184,DNA-B: KX348225,Complete genome,SiBYMV
Begomovirus sidaintervenae,Sida interveinal bright yellow virus,MX- Conca 1-18,DNA-A: MN746033,DNA-B: MN419243,Complete genome,SiIBYV
Begomovirus sidamicranthae,Sida micrantha mosaic virus,Brazil/A2B2,DNA-A: AJ557451,DNA-B: AJ557453,Complete genome,SiMMV
Begomovirus sidamicranthae,Sida micrantha mosaic virus,,DNA-A: HM585439,DNA-B: HM585440,Complete genome,SiMMV/Rho
Begomovirus sidamicranthae,Sida micrantha mosaic virus,,DNA-A: JX415187,,Complete genome,SiMMV/San
Begomovirus sidamusivi,Sida angular mosaic virus,Brazil-ALS30_4C-2014,DNA-A: KX691407,DNA-B: KX691415,Complete genome,SiAMV
Begomovirus sidapallidi,Sida chlorotic leaf virus,MX-Colima-18,DNA-A: MN013784,DNA-B: MN013785,Complete genome,SiChLV
Begomovirus sidapallivariati,Sida chlorotic mottle virus,Brazil-Trm531.1-2010,DNA-A: KX348183,,Complete genome,SiCMoV
Begomovirus sidasinaloaense,Sida mosaic Sinaloa virus,Mexico/Guasave/2006,DNA-A: DQ520944,DNA-B: DQ356428,Complete genome,SiMSiV
Begomovirus sidastri,Sidastrum golden leaf spot virus,Brazil/DF334/2010,DNA-A: HM357458,,Complete genome,SidGLSV
Begomovirus sidaureibracoense,Sida golden mosaic Braco virus,Jamaica/Liguanea/A4/2008,DNA-A: JX162595,,Complete genome,SiGMBcV
Begomovirus sidaureibrazilense,Sida golden mosaic Brazil virus,Brazil/Mato Grosso do Sul/2007,DNA-A: FN436001,,Complete genome,SiGMBRV
Begomovirus sidaureibuckupense,Sida golden mosaic Buckup virus,Jamaica/St Elizabeth 1/2004,DNA-A: HQ008338,DNA-B: HQ009518,Complete genome,SiGMBuV
Begomovirus sidaureicostaricaense,Sida golden mosaic Costa Rica virus,Costa Rica,DNA-A: X99550,DNA-B: X99551,Complete genome,SiGMCRV
Begomovirus sidaureidis,Sida golden mosaic virus,United States/Florida,DNA-A: AF049336,DNA-B: AF039841,Complete genome,SiGMV
Begomovirus sidaureifloridaense,Sida golden mosaic Florida virus,Cuba/Havana/Malvastrum/111/2009/Florida,DNA-A: HM003779,DNA-B: HM003778,Complete genome,SiGMFlV/Malv
Begomovirus sidaureifloridaense,Sida golden mosaic Florida virus,,DNA-A: U77963,,Complete genome,SiGMFlV
Begomovirus sidaureilaraense,Sida golden mosaic Lara virus,Venezuela/Lara/M1/2009,DNA-A: JX857693,,Complete genome,SiGMLaV
Begomovirus sidaureimaculae,Sida golden yellow spot virus,Brazil-Sab889-2010,DNA-A: KX348185,,Complete genome,SiGYSV
Begomovirus sidaureivariati,Sida golden mottle virus,United States/Florida/Bradenton/1997,DNA-A: GU997691,DNA-B: GU997692,Complete genome,SiGMoV
Begomovirus sidaureivenae,Sida golden yellow vein virus,United States/Homestead/A11,DNA-A: U77964,,Complete genome,SiGYVV
Begomovirus sidavariati,Sida mottle virus,Brazil/A1B3/Micrantha,DNA-A: AJ557450,DNA-B: AJ557454,Complete genome,SiMoV/Mic
Begomovirus sidavariati,Sida mottle virus,,DNA-A: AY090555,,Complete genome,SiMoV/Rho
Begomovirus sidavariatialagoense,Sida mottle Alagoas virus,BR/Alagoas/Vicosa 2/2010,DNA-A: JX871385,,Complete genome,SiMoAV
Begomovirus sidavenae,Sida chlorotic vein virus,Brazil-BALS15_2C-2008,DNA-A: KX691402,DNA-B: KX691413,Complete genome,SiCVV
Begomovirus sidavulgaris,Sida common mosaic virus,Brazil/Coimbra 4/2007,DNA-A: EU710751,,Complete genome,SiCMV
Begomovirus siegesbeckiae,Siegesbeckia yellow vein virus,China/Guangdong 13/2004,DNA-A: AM183224,,Complete genome,SgYVV
Begomovirus siegesbeckiaguangxiense,Siegesbeckia yellow vein Guangxi virus,China/Guangxi 111/2005,DNA-A: AM238692,,Complete genome,SgYVGxV
Begomovirus solanumamazonasense,chino del tomate Amazonas virus,Brazil/AM10/2007,DNA-A: HM357461,,Complete genome,CdTAV
Begomovirus solanumanjouanense,tomato leaf curl Anjouan virus,Comoros/Ouani/2004,DNA-A: AM701758,,Complete genome,ToLCAnV
Begomovirus solanumaraguaense,tomato mild yellow leaf curl Aragua virus,Venezuela/10/2003,DNA-A: AY927277,DNA-B: EF547938,Complete genome,ToMYLCAV
Begomovirus solanumargentinaense,tomato mottle wrinkle virus,Argentina-Pichanal_400-2008,DNA-A: JQ714137,DNA-B: JQ714138,Complete genome,ToMoWV
Begomovirus solanumarushaense,tomato leaf curl Arusha virus,Tanzania/Kilimandjaro/2005,DNA-A: EF194760,,Complete genome,ToLCArV
Begomovirus solanumaureicontorsionis,tomato golden leaf distortion virus,Brazil/TO45/2007,DNA-A: HM357456,,Complete genome,ToGLDV
Begomovirus solanumaureimaculae,tomato golden leaf spot virus,Uruguay-TO83-Araguaina-2013,DNA-A: KC626021,,Complete genome,ToGLSV
Begomovirus solanumaureimusivi,tomato golden mosaic virus,Brazil/Common/1984,DNA-A: K02029,DNA-B: K02030,Complete genome,TGMV
Begomovirus solanumaureivariati,tomato golden mottle virus,Mexico/San Luiz Potosi/2005,DNA-A: DQ520943,DNA-B: DQ406674,Complete genome,ToGMoV
Begomovirus solanumaureivenae,tomato golden vein virus,Brazil/Ita1220/2003,DNA-A: JF803254,DNA-B: JF803265,Complete genome,TGVV
Begomovirus solanumaustraliaense,tomato leaf curl virus,Australia/Tomato,DNA-A: S53251,,Complete genome,ToLCV/To
Begomovirus solanumaustraliaense,tomato leaf curl virus,,DNA-A: AF084006,,Complete genome,ToLCV/Sol
Begomovirus solanumaustraliaense,tomato leaf curl virus,,DNA-A: DQ629101,,Complete genome,ToLCV
Begomovirus solanumaustraliaense,tomato leaf curl virus,,DNA-A: FJ514798,,Complete genome,ToLCV/Ban
Begomovirus solanumaustraliaense,tomato leaf curl virus,,DNA-A: AY754812,,Complete genome,ToLCV/Jan
Begomovirus solanumbangalorense,tomato leaf curl Bangalore virus,India/Bangalore 1/A,DNA-A: Z48182,,Complete genome,ToLCBaV/A
Begomovirus solanumbangalorense,tomato leaf curl Bangalore virus,,DNA-A: KF663698,,Complete genome,ToLCBaV
Begomovirus solanumbangalorense,tomato leaf curl Bangalore virus,,DNA-A: AF295401,,Complete genome,ToLCBaV/B
Begomovirus solanumbangalorense,tomato leaf curl Bangalore virus,,DNA-A: AF165098,,Complete genome,ToLCBaV/C
Begomovirus solanumbangalorense,tomato leaf curl Bangalore virus,,DNA-A: DQ852623,,Complete genome,ToLCBaV/D
Begomovirus solanumbangladeshense,tomato leaf curl Bangladesh virus,Bangladesh/BD2,DNA-A: AF188481,,Complete genome,ToLCBV
Begomovirus solanumboliviense,Solanum mosaic Bolivia virus,Bolivia-2007,DNA-A: HM585435,DNA-B: HM585436,Complete genome,SoMBoV
Begomovirus solanumburkinafasoense,tomato leaf curl Burkina Faso virus,Burkina Faso-Loumbila-Tomate51B1-2013,DNA-A: KX853168,,Complete genome,TLCBFV
Begomovirus solanumcebuense,tomato leaf curl Cebu virus,Philippines/Cebu P134/2007,DNA-A: EU487042,,Complete genome,ToLCCeV
Begomovirus solanumchinaense,tomato leaf curl China virus,China/Guangxi 32/2002/Baise,DNA-A: AJ558118,,Complete genome,ToLCCNV/BS
Begomovirus solanumchinaense,tomato leaf curl China virus,,DNA-A: JF681158,,Complete genome,ToLCCNV
Begomovirus solanumchinaense,tomato leaf curl China virus,,DNA-A: AJ558119,,Complete genome,ToLCCNV/NN1
Begomovirus solanumchinaense,tomato leaf curl China virus,,DNA-A: AJ704603,,Complete genome,ToLCCNV/NN2
Begomovirus solanumcomorosense,tomato leaf curl Comoros virus,Mayotte/Kahani/2003,DNA-A: AJ865340,,Complete genome,ToLCKMV
Begomovirus solanumcomorosense,tomato leaf curl Comoros virus,,DNA-A: AM701761,,Complete genome,ToLCKMV/MG
Begomovirus solanumcontorsionis,tomato leaf distortion virus,Brazil/Paty do Alferes 4/2005,DNA-A: EU710749,,Complete genome,ToLDV
Begomovirus solanumcrispi,tomato wrinkled mosaic virus,VE-Tru427-06,DNA-A: KY449275,DNA-B: KY449276,Complete genome,ToWMV
Begomovirus solanumdelhiense,tomato leaf curl New Delhi virus,India/New Delhi/Severe/1992,DNA-A: U15015,DNA-B: U15017,Complete genome,ToLCNDV
Begomovirus solanumdelhiquarti,tomato leaf curl New Delhi virus 4,India/Junagad/TC306/2011,DNA-A: KF551592,,Complete genome,ToLCNDV4
Begomovirus solanumdelhiquinti,tomato leaf curl New Delhi virus 5,BD-cuc-06,DNA-A: EF450316,,Complete genome,ToLCNDV5
Begomovirus solanumdelhisecundi,tomato leaf curl New Delhi virus 2,India/IANDS1/2011,DNA-A: JQ897969,,Complete genome,ToLCNDV2
Begomovirus solanumdepravationis,tomato leaf deformation virus,Peru/Tomato/1/2003,DNA-A: GQ334472,,Complete genome,ToLDeV
Begomovirus solanumdianaense,tomato leaf curl Diana virus,Madagascar/Namakely/2001,DNA-A: AM701765,,Complete genome,ToLCDiV
Begomovirus solanumflavariati,tomato bright yellow mottle virus,Brazil/TO167/2008,DNA-A: KC791691,,Complete genome,ToBYMoV
Begomovirus solanumflavi,chino del tomate virus,Mexico/Sinaloa IC/1983/Tomato,DNA-A: AF101476,DNA-B: AF101478,Complete genome,CdTV/To
Begomovirus solanumflavi,chino del tomate virus,,DNA-A: AY751753,,Complete genome,CdTV
Begomovirus solanumflavi,chino del tomate virus,,DNA-A: DQ347945,,Complete genome,CdTV/Sb
Begomovirus solanumflavusardiniaense,tomato yellow leaf curl Sardinia virus,Italy/Sardinia/1988,DNA-A: X61153,,Complete genome,TYLCSaV
Begomovirus solanumflavusaxarquiaense,tomato yellow leaf curl Axarquia virus,Italy/Sicily2.2/2007,DNA-A: EU734831,,Complete genome,TYLCAxV
Begomovirus solanumflavuschinaense,tomato yellow leaf curl China virus,China/Guangxi/Honghe,DNA-A: AF311734,,Complete genome,TYLCCNV/HH
Begomovirus solanumflavuschinaense,tomato yellow leaf curl China virus,,DNA-A: AJ319675,,Complete genome,TYLCCNV/BS1
Begomovirus solanumflavuschinaense,tomato yellow leaf curl China virus,,DNA-A: AJ457985,,Complete genome,TYLCCNV
Begomovirus solanumflavuschinaense,tomato yellow leaf curl China virus,,DNA-A: AM980509,,Complete genome,TYLCCNV/BS3
Begomovirus solanumflavuschinaense,tomato yellow leaf curl China virus,,DNA-A: DQ256460,,Complete genome,TYLCCNV/Bea
Begomovirus solanumflavuschinaense,tomato yellow leaf curl China virus,,DNA-A: AJ319674,,Complete genome,TYLCCNV/DL
Begomovirus solanumflavuschinaense,tomato yellow leaf curl China virus,,DNA-A: EF011559,,Complete genome,TYLCCNV/Dat
Begomovirus solanumflavuscontorsionis,tomato yellow leaf distortion virus,Cuba/5E17/2007,DNA-A: FJ174698,DNA-B: FJ999999,Complete genome,ToYLDV
Begomovirus solanumflavusdepravationis,tomato yellow leaf deformation dwarf virus,BR-TO_83-08,DNA-A: MN145942,DNA-B: MN145943,Complete genome,ToYLDeDV
Begomovirus solanumflavusguangdongense,tomato yellow leaf curl Guangdong virus,China/Guangzhou 3/2003,DNA-A: AY602166,,Complete genome,TYLCGdV
Begomovirus solanumflavushuangbaiense,tomato yellow leaf curl Shuangbai virus,China-Y4536-2014,DNA-A: KT962229,,Complete genome,TYLCShV
Begomovirus solanumflavusindonesiaense,tomato yellow leaf curl Indonesia virus,Indonesia/Lembang/2005,DNA-A: AF189018,,Complete genome,TYLCIDV
Begomovirus solanumflavuskanchanaburiense,tomato yellow leaf curl Kanchanaburi virus,Thailand/Kanchanaburi 1/2001,DNA-A: AF511529,DNA-B: AF511528,Complete genome,TYLCKaV
Begomovirus solanumflavusmaculae,tomato yellow spot virus,Brazil/Bicas 2/1999,DNA-A: DQ336350,DNA-B: DQ336351,Complete genome,ToYSV
Begomovirus solanumflavusmalacitanum,tomato yellow leaf curl Malaga virus,Spain/421/1999,DNA-A: AF271234,,Complete genome,TYLCMaV
Begomovirus solanumflavusmaliense,tomato yellow leaf curl Mali virus,Burkina Faso/Tom141/2013,DNA-A: LM651400,,Complete genome,TYLCMLV
Begomovirus solanumflavusmaliense,tomato yellow leaf curl Mali virus,,DNA-A: DQ358913,,Complete genome,TYLCMLV/ET
Begomovirus solanumflavusmaliense,tomato yellow leaf curl Mali virus,,DNA-A: AY502934,,Complete genome,TYLCMLV/ML
Begomovirus solanumflavusmarginis,tomato yellow margin leaf curl virus,Venezuela/Merida/57,DNA-A: AY508993,DNA-B: AY508994,Complete genome,ToYMLCV
Begomovirus solanumflavusthailandense,tomato yellow leaf curl Thailand virus,Thailand/2/A,DNA-A: AF141922,DNA-B: AF141897,Complete genome,TYLCTHV/A
Begomovirus solanumflavusthailandense,tomato yellow leaf curl Thailand virus,,DNA-A: AY514630,,Complete genome,TYLCTHV/B
Begomovirus solanumflavusthailandense,tomato yellow leaf curl Thailand virus,,DNA-A: AJ495812,,Complete genome,TYLCTHV/C
Begomovirus solanumflavusthailandense,tomato yellow leaf curl Thailand virus,,DNA-A: AF206674,,Complete genome,TYLCTHV/D
Begomovirus solanumflavusthailandense,tomato yellow leaf curl Thailand virus,,DNA-A: AY514632,,Complete genome,TYLCTHV/E
Begomovirus solanumflavusvariati,tomato yellow mottle virus,Costa Rica/2003,DNA-A: KC176780,DNA-B: KC176781,Complete genome,ToYMoV
Begomovirus solanumflavusvenae,tomato yellow vein streak virus,Brazil/Potato/1983,DNA-A: EF417915,DNA-B: EF417916,Complete genome,ToYVSV
Begomovirus solanumflavusvietnamense,tomato yellow leaf curl Vietnam virus,Vietnam/Hanoi/2005,DNA-A: DQ641697,,Complete genome,TYLCVV
Begomovirus solanumflavusyunnanense,tomato yellow leaf curl Yunnan virus,China-YN2013-2011,DNA-A: KC686705,,Complete genome,TYLCYnV
Begomovirus solanumghanaense,tomato leaf curl Ghana virus,Ghana/Akumadan/2006,DNA-A: EU350585,,Complete genome,ToLCGV
Begomovirus solanumghanaense,tomato leaf curl Ghana virus,,DNA-A: FR873228,,Complete genome,ToLCGV/Ag
Begomovirus solanumguangdongense,tomato leaf curl Guangdong virus,China/Guangzhou 2/2003,DNA-A: AY602165,,Complete genome,ToLCGdV
Begomovirus solanumguangxiense,tomato leaf curl Guangxi virus,China/Guangxi 1/2003,DNA-A: AM236784,,Complete genome,ToLCGxV
Begomovirus solanumgujaratense,tomato leaf curl Gujarat virus,India/Varanasi/2001,DNA-A: AY190290,DNA-B: AY190291,Complete genome,ToLCGUV
Begomovirus solanumhainanense,tomato leaf curl Hainan virus,China/FQ12/2012,DNA-A: KF150142,,Complete genome,ToLCHaiV
Begomovirus solanumhanoiense,tomato leaf curl Hanoi virus,Vietnam/Hanoi/Tomato/2010,DNA-A: HQ162270,,Complete genome,ToLCHaV
Begomovirus solanumhavanaense,tomato mosaic Havana virus,Cuba/Quivican,DNA-A: Y14874,DNA-B: Y14875,Complete genome,ToMHaV
Begomovirus solanumhsinchuense,tomato leaf curl Hsinchu virus,China/Hainan/Ramie/2007,DNA-A: EU596959,DNA-B: EU596960,Complete genome,ToLCHsV
Begomovirus solanumintervenae,tomato interveinal chlorosis virus,Brazil/Pernambuco/Mdc2681/2004,DNA-A: JF803252,,Complete genome,ToICV
Begomovirus solanumiranense,tomato leaf curl Iran virus,Iran/Iranshahr,DNA-A: AY297924,,Complete genome,ToLCIRV
Begomovirus solanumjapanense,tomato leaf curl Japan virus,JP-Miy-01,DNA-A: AB236323,,Complete genome,ToLCJV
Begomovirus solanumjavaense,tomato leaf curl Java virus,Indonesia/A,DNA-A: AB100304,,Complete genome,ToLCJaV/A
Begomovirus solanumjavaense,tomato leaf curl Java virus,,DNA-A: AB162141,,Complete genome,ToLCJaV/B
Begomovirus solanumjoydebpurense,tomato leaf curl Joydebpur virus,India/Varanasi/Capsicum annuum/2010,DNA-A: HM991146,,Complete genome,ToLCJV
Begomovirus solanumkalakadaense,tomato severe leaf curl Kalakada virus,IN-TC101-07,DNA-A: KP195267,,Complete genome,ToSLCKV
Begomovirus solanumkarnatakaense,tomato leaf curl Karnataka virus,India/Bangalore/1993,DNA-A: U38239,,Complete genome,ToLCKaV/Ban
Begomovirus solanumkarnatakasecundi,tomato leaf curl Karnataka virus 2,IN-TC289-10,DNA-A: KF551578,,Complete genome,ToLCKV2
Begomovirus solanumkarnatakatertii,tomato leaf curl Karnataka virus 3,IN-TC235-09,DNA-A: KF551585,,Complete genome,ToLCKV3
Begomovirus solanumkeralaense,tomato leaf curl Kerala virus,India/Kerala 3/2007,DNA-A: EU910141,,Complete genome,ToLCKeV
Begomovirus solanumkunenense,tomato leaf curl Kunene virus,NA-2019,DNA-A: MT045996,,Complete genome,ToLCKunV
Begomovirus solanumlaosense,tomato leaf curl Laos virus,Laos,DNA-A: AF195782,,Complete genome,ToLCLV
Begomovirus solanumlapazense,tomato chino La Paz virus,Mexico/Baja La Paz/2002/A,DNA-A: AY339618,,Complete genome,ToChLPV/A
Begomovirus solanumlapazense,tomato chino La Paz virus,,DNA-A: JN676150,,Complete genome,ToChLPV
Begomovirus solanumlapazense,tomato chino La Paz virus,,DNA-A: AY339619,,Complete genome,ToChLPV/A
Begomovirus solanumlatentis,tomato latent virus,Cuba-T2+-2011,DNA-A: KM926624,,Complete genome,ToLV
Begomovirus solanumliwaense,tomato leaf curl Liwa virus,Oman/Liwa/LW1/2012,DNA-A: HF912280,,Complete genome,ToLCLwV
Begomovirus solanummadagascarense,tomato leaf curl Madagascar virus,Madagascar/Morondova/2001/Menabe,DNA-A: AJ865338,,Complete genome,ToLCMGV/Men
Begomovirus solanummadagascarense,tomato leaf curl Madagascar virus,,DNA-A: AJ865339,,Complete genome,ToLCMGV/Ats
Begomovirus solanummahense,tomato leaf curl Mah virus,SC-Pra-SC8-1b-17,DNA-A: MH410152,,Complete genome,ToLCMahV
Begomovirus solanummalaysiaense,tomato leaf curl Malaysia virus,Malaysia/Klang/1997,DNA-A: AF327436,,Complete genome,ToLCMYV/MY
Begomovirus solanummaliense,tomato leaf curl Mali virus,Mali,DNA-A: AY502936,,Complete genome,ToLCMLV
Begomovirus solanummindanaoense,tomato leaf curl Mindanao virus,Philippines/Mindanao P162/2007,DNA-A: EU487046,,Complete genome,ToLCMiV
Begomovirus solanummoheliense,tomato leaf curl Moheli virus,Comoros/Moheli/2005,DNA-A: AM701763,,Complete genome,ToLCMohV
Begomovirus solanummusivi,tomato bright yellow mosaic virus,Brazil/BA167/2012,DNA-A: KC791690,,Complete genome,ToBYMV
Begomovirus solanumnamakelyense,tomato leaf curl Namakely virus,Madagascar/Namakely/2001,DNA-A: AM701764,,Complete genome,ToLCNaV
Begomovirus solanumnigeriaense,tomato leaf curl Nigeria virus,Nigeria/2006,DNA-A: FJ685621,,Complete genome,ToLCNGV
Begomovirus solanumpalampurense,tomato leaf curl Palampur virus,India/Palampur/2007,DNA-A: AM884015,DNA-B: AM992534,Complete genome,ToLCPalV
Begomovirus solanumpallidi,tomato chlorotic leaf curl virus,BR-Alt1-16,DNA-A: MK558058,DNA-B: MK558059,Complete genome,ToCLCV
Begomovirus solanumpallidicontorsionis,tomato chlorotic leaf distortion virus,Venezuela/Zulia/2004,DNA-A: HQ201952,DNA-B: HQ201953,Complete genome,ToClLDV
Begomovirus solanumpallidiguyanense,tomato chlorotic mottle Guyane virus,French Guyana-Mon2-GF455-2009,DNA-A: KR263181,DNA-B: KR263172,Complete genome,ToCMoGV
Begomovirus solanumpallidivariati,tomato chlorotic mottle virus,Brazil/Seabra 1/1996/Bahia,DNA-A: AF490004,DNA-B: AF491306,Complete genome,ToCMoV/BA
Begomovirus solanumpallidivariati,tomato chlorotic mottle virus,,DNA-A: KC706561,,Complete genome,ToCMoV
Begomovirus solanumpallidivariati,tomato chlorotic mottle virus,,DNA-A: AY090557,,Complete genome,ToCMoV/MG
Begomovirus solanumparvi,tomato dwarf leaf virus,Argentin/Pichanal 397/2008,DNA-A: JN564749,DNA-B: JN564750,Complete genome,ToDfLV
Begomovirus solanumpatnaense,tomato leaf curl Patna virus,India/Patna/2008,DNA-A: EU862323,,Complete genome,ToLCPatV
Begomovirus solanumphilippinense,tomato leaf curl Philippines virus,Philippines/Los Banos 2/B,DNA-A: AB050597,,Complete genome,ToLCPV/B
Begomovirus solanumphilippinense,tomato leaf curl Philippines virus,,DNA-A: AB377113,,Complete genome,ToLCPV/A
Begomovirus solanumphilippinense,tomato leaf curl Philippines virus,,DNA-A: AB307731,,Complete genome,ToLCPV/C
Begomovirus solanumpunense,tomato leaf curl Pune virus,India/Pune/2005,DNA-A: AY754814,,Complete genome,ToLCPuV
Begomovirus solanumrajasthanense,tomato leaf curl Rajasthan virus,India/Rajasthan/2005,DNA-A: DQ339117,,Complete genome,ToLCRaV
Begomovirus solanumretorridi,tomato curly stunt virus,South Africa/Onderberg/1998,DNA-A: AF261885,,Complete genome,ToCSV
Begomovirus solanumrugosi,tomato rugose mosaic virus,Brazil/Uberlandia 1/1996,DNA-A: AF291705,DNA-B: AF291706,Complete genome,ToRMV
Begomovirus solanumrugosiflavi,tomato rugose yellow leaf curl virus,Uruguay/Salto Grande/U2/2009,DNA-A: JN381819,DNA-B: JN381814,Complete genome,TRYLCV
Begomovirus solanumseveri,tomato severe leaf curl virus,Guatemala/Sansirisay/1996/Guatemala,DNA-A: AF130415,,Complete genome,ToSLCV/GT
Begomovirus solanumseveri,tomato severe leaf curl virus,,DNA-A: JN680352,,Complete genome,ToSLCV
Begomovirus solanumseveri,tomato severe leaf curl virus,,DNA-A: AJ508784,,Complete genome,ToSLCV/NI
Begomovirus solanumseverparvi,tomato mosaic severe dwarf virus,BR-DF-640_AA_LVV-16,DNA-A: MN147863,DNA-B: MN147864,Complete genome,ToMSDV
Begomovirus solanumseverugosi,tomato severe rugose virus,Brazil/Petrolina de Goias 1/Capsicum/2003,DNA-A: DQ207749,DNA-B: EF534708,Complete genome,ToSRV
Begomovirus solanumseychellesense,tomato leaf curl Seychelles virus,Seychelles/Val d'Endor/2004,DNA-A: AM491778,,Complete genome,ToLCSCV
Begomovirus solanumsinaloaense,tomato leaf curl Sinaloa virus,Nicaragua/Santa Lucia/NI2,DNA-A: AJ608286,DNA-B: AJ508783,Complete genome,ToLCSiV
Begomovirus solanumsrilankaense,tomato leaf curl Sri Lanka virus,Sri Lanka/Bandarawela/1997,DNA-A: AF274349,,Complete genome,ToLCLKV
Begomovirus solanumsudanense,tomato leaf curl Sudan virus,Sudan/Gezira/1996/Gezira,DNA-A: AY044137,,Complete genome,ToLCSDV/Gez
Begomovirus solanumsudanense,tomato leaf curl Sudan virus,,DNA-A: KC763630,,Complete genome,ToLCSDV
Begomovirus solanumsudanense,tomato leaf curl Sudan virus,,DNA-A: AY044139,,Complete genome,ToLCSDV/Sha
Begomovirus solanumsudanense,tomato leaf curl Sudan virus,,DNA-A: EF110891,,Complete genome,ToLCSDV/YE
Begomovirus solanumsulawesiense,tomato leaf curl Sulawesi virus,Indonesia/Sulawesi/Langowan F101/2006,DNA-A: FJ237617,,Complete genome,ToLCSuV
Begomovirus solanumtainoense,tomato mottle Taino virus,Cuba,DNA-A: AF012300,DNA-B: AF012301,Complete genome,ToMoTaV
Begomovirus solanumtaiwanense,tomato leaf curl Taiwan virus,Taiwan/A,DNA-A: U88692,,Complete genome,ToLCTV/A
Begomovirus solanumtaiwanense,tomato leaf curl Taiwan virus,,DNA-A: JQ867093,,Complete genome,ToLCTV
Begomovirus solanumtaiwanense,tomato leaf curl Taiwan virus,,DNA-A: GU723730,,Complete genome,ToLCTV/B
Begomovirus solanumtaiwanense,tomato leaf curl Taiwan virus,,DNA-A: DQ866128,,Complete genome,ToLCTV/C
Begomovirus solanumtanzaniaense,tomato leaf curl Tanzania virus,TZ-Ten-05,DNA-A: DQ519575,,Complete genome,ToLCTZV
Begomovirus solanumtenuimusivi,tomato mild mosaic virus,Brazil/Paty do Alferes 58/2005,DNA-A: EU710752,DNA-B: EU710753,Complete genome,ToMMV
Begomovirus solanumtoliaraense,tomato leaf curl Toliara virus,Madagascar/Miandrivazo/2001,DNA-A: AM701768,,Complete genome,ToLCToV
Begomovirus solanumtortilis,tomato twisted leaf virus,VE-Be6.6H-05,DNA-A: MK440292,,Complete genome,ToTLV
Begomovirus solanumtumoris,tomato enation leaf curl virus,India-TC14-2008,DNA-A: KP195260,,Complete genome,ToELCV
Begomovirus solanumugandaense,tomato leaf curl Uganda virus,Uganda/Iganga/2005,DNA-A: DQ127170,,Complete genome,ToLCUV
Begomovirus solanumvariati,tomato mottle virus,United States/Florida/1989,DNA-A: L14460,DNA-B: L14461,Complete genome,ToMoV
Begomovirus solanumvariatuminvolutionis,tomato mottle leaf curl virus,Brazil/Jaiba 13/2008,DNA-A: KC706615,,Complete genome,ToMoLCV
Begomovirus solanumvenadepravationis,tomato vein clearing leaf deformation virus,AR-Cordoba-Monte Cristo-Tom51-05,DNA-A: MK423208,DNA-B: MK423207,Complete genome,ToVCLDeV
Begomovirus solanumvietnamense,tomato leaf curl Vietnam virus,Vietnam/Hanoi/1998,DNA-A: AF264063,,Complete genome,ToLCVV
Begomovirus solanumviolavenae,tomato leaf curl purple vein virus,BR-P793-15,DNA-A: KY196216,,Complete genome,ToLCPVV
Begomovirus solanumvulgarismusivi,tomato common mosaic virus,Brazil/Coimbra 22/2007,DNA-A: EU710754,DNA-B: EU710755,Complete genome,ToCmMV
Begomovirus spilanthis,Spilanthes yellow vein virus,Vietnam/Dalat/2005,DNA-A: DQ641694,,Complete genome,SpYVV
Begomovirus spinaciae,spinach yellow vein virus,India/Sikar/AS22,DNA-A: KF660223,,Complete genome,SpiYVV
Begomovirus stachytarphetae,Stachytarpheta leaf curl virus,China/Hainan 5/2001,DNA-A: AJ495814,,Complete genome,StaLCuV
Begomovirus stanleyi,Sri Lankan cassava mosaic virus,Sri Lanka/Colombo/1998/Sri Lanka,DNA-A: AJ314737,DNA-B: AJ314738,Complete genome,SLCMV/LK
Begomovirus stanleyi,Sri Lankan cassava mosaic virus,,DNA-A: AJ579307,,Complete genome,SLCMV/IN
Begomovirus synedrellae,Synedrella yellow vein clearing virus,India-NCBS_PS_1-2013,DNA-A: KX363443,,Complete genome,SyYVCV
Begomovirus telfairiae,Telfairia golden mosaic virus,Cameroon-BBT20-2014,DNA-A: KT454832,,Complete genome,TelGMV
Begomovirus triumfettae,Triumfetta yellow mosaic virus,Brazil-Msj1-2010,DNA-A: KU131588,DNA-B: KU131589,Complete genome,TrYMV
Begomovirus tuberosi,potato yellow mosaic virus,Venezuela/1991/Potato,DNA-A: D00940,DNA-B: D00941,Complete genome,PYMV/Po
Begomovirus tuberosi,potato yellow mosaic virus,,DNA-A: AF039031,DNA-B: AF039032,Complete genome,PYMV
Begomovirus tuberosi,potato yellow mosaic virus,,DNA-A: AY965897,,Complete genome,PYMV/To
Begomovirus tuberosi,potato yellow mosaic virus,,DNA-A: EU518935,,Complete genome,PYMV/Co
Begomovirus tuberosumpanamaense,potato yellow mosaic Panama virus,Panama/Divisa/Tomato/1996,DNA-A: Y15034,DNA-B: Y15033,Complete genome,PYMPV
Begomovirus verbenae,Verbena mottle virus,CO-Valle-14,DNA-A: KX156611,DNA-B: KX156612,Complete genome,VMoV
Begomovirus vernoniae,Vernonia crinkle virus,Uganda-Na_UG7-2015,DNA-A: KX831132,,Complete genome,VeCrV
Begomovirus vernoniafujianense,Vernonia yellow vein Fujian virus,CN-Fj-09,DNA-A: JF265670,,Complete genome,VeYVFjV
Begomovirus vernoniavenae,Vernonia yellow vein virus,India/Madurai/2005,DNA-A: AM182232,,Complete genome,VeYVV
Begomovirus vignae,Vigna yellow mosaic virus,Mexico/Morelos/Yautepec/2007,DNA-A: KC430936,,Complete genome,ViYMV
Begomovirus vignaflavi,cowpea bright yellow mosaic virus,BR-PE-088-11,DNA-A: MH469731,DNA-B: MH469732,Complete genome,CoBYMV
Begomovirus vignamusivi,cowpea golden mosaic virus,Nigeria/Nsukka/1990,DNA-A: AF029217,,Complete genome,CPGMV
Begomovirus vignaradiatae,mungbean yellow mosaic virus,Thailand/Mungbean 2,DNA-A: D14703,DNA-B: D14704,Complete genome,MYMV
Begomovirus vignaradiataindiaense,mungbean yellow mosaic India virus,India/New Delhi/Blackgram 3/1991,DNA-A: AF126406,DNA-B: AF142440,Complete genome,MYMIV
Begomovirus vincae,Vinca leaf curl virus,India-RK-2015,DNA-A: KR612272,,Complete genome,VinLCV
Begomovirus vulgaris,common bean severe mosaic virus,Cuba-May99-2014,DNA-A: KX011475,DNA-B: KX096982,Complete genome,CBSMV
Begomovirus warburgi,South African cassava mosaic virus,South Africa,DNA-A: AF155806,DNA-B: AF155807,Complete genome,SACMV
Begomovirus wissadulae,Wissadula golden mosaic virus,Jamaica/St Thomas/2005,DNA-A: DQ395343,DNA-B: EU158095,Complete genome,WGMV
Begomovirus wissadulaflavi,Wissadula yellow mosaic virus,Brazil-ALW35_5B-2014,DNA-A: KX691411,,Complete genome,WYMV
iBegomovirus oxalisflavi,Oxalis yellow vein virus,United States-LA01-2012,DNA-A: KM887907,,Complete genome,OxYVV
